quote_id,project_id,vendor_id,quoted_hours,quoted_price,actual_contract_hours,actual_contract_price,status,function_points,interface_count,demand_stability_rating,team_size,team_experience_level,priority,risk_level,actual_id,target_hours,target_cost,delivery_quality_score,user_satisfaction_score,project_duration_days,num_technologies,type_咨询服务,type_市场推广,type_硬件采购,type_系统集成,type_软件开发
1,1,9,79.27,1.22,79.8,1.23,in_progress,0,0,4.0,3,senior,low,high,1,84.41,1.3,4.7,5.0,309,0,False,False,True,False,False
2,1,18,85.59,1.45,85.74,1.46,in_progress,0,0,4.0,3,senior,low,high,1,84.41,1.3,4.7,5.0,309,0,False,False,True,False,False
3,2,1,345.93,4.29,357.32,4.43,in_progress,0,0,2.7,18,mixed,high,low,2,404.84,5.02,3.3,3.8,276,0,False,False,True,False,False
4,2,17,419.83,6.64,389.5,6.16,in_progress,0,0,2.7,18,mixed,high,low,2,404.84,5.02,3.3,3.8,276,0,False,False,True,False,False
8,5,14,140.96,1.65,145.42,1.7,completed,0,0,3.2,5,senior,medium,high,3,165.22,1.93,2.7,4.4,352,0,False,True,False,False,False
9,5,11,114.66,1.86,112.43,1.83,completed,0,0,3.2,5,senior,medium,high,3,165.22,1.93,2.7,4.4,352,0,False,True,False,False,False
10,5,16,108.49,1.91,100.9,1.77,completed,0,0,3.2,5,senior,medium,high,3,165.22,1.93,2.7,4.4,352,0,False,True,False,False,False
15,8,17,503.87,6.15,444.34,5.42,in_progress,86,23,2.6,2,junior,medium,high,4,497.92,6.07,2.9,3.9,311,3,False,False,False,True,False
16,9,16,100.55,1.27,97.31,1.23,completed,0,0,1.2,4,mixed,low,low,5,118.49,1.5,4.7,4.1,98,0,False,False,True,False,False
17,10,1,265.94,4.83,276.88,5.03,in_progress,0,0,3.4,10,mixed,low,high,6,309.66,3.22,3.7,4.5,54,0,True,False,False,False,False
18,10,13,303.03,3.16,259.36,2.7,in_progress,0,0,3.4,10,mixed,low,high,6,309.66,3.22,3.7,4.5,54,0,True,False,False,False,False
25,14,18,809.09,9.11,826.14,9.3,completed,300,21,4.2,11,senior,medium,medium,7,856.08,9.64,4.2,3.7,217,6,False,False,False,True,False
26,15,7,148.26,2.43,138.82,2.27,completed,0,0,1.5,6,senior,high,high,8,162.99,2.67,4.4,3.9,132,0,False,False,True,False,False
27,15,5,182.13,2.42,171.49,2.28,completed,0,0,1.5,6,senior,high,high,8,162.99,2.67,4.4,3.9,132,0,False,False,True,False,False
28,16,16,140.77,2.26,122.94,1.97,in_progress,0,0,2.0,5,mixed,low,high,9,139.65,1.9,2.9,3.5,359,0,False,True,False,False,False
29,16,11,112.59,1.53,112.5,1.53,in_progress,0,0,2.0,5,mixed,low,high,9,139.65,1.9,2.9,3.5,359,0,False,True,False,False,False
30,16,6,153.43,3.06,138.6,2.76,in_progress,0,0,2.0,5,mixed,low,high,9,139.65,1.9,2.9,3.5,359,0,False,True,False,False,False
35,20,5,497.91,6.23,493.32,6.17,in_progress,183,0,1.0,12,senior,high,medium,10,574.33,6.01,2.9,3.7,86,3,False,False,False,False,True
36,20,11,666.58,6.98,577.07,6.04,in_progress,183,0,1.0,12,senior,high,medium,10,574.33,6.01,2.9,3.7,86,3,False,False,False,False,True
37,20,4,567.51,7.99,526.08,7.41,in_progress,183,0,1.0,12,senior,high,medium,10,574.33,6.01,2.9,3.7,86,3,False,False,False,False,True
38,21,3,1049.78,11.73,1026.58,11.47,completed,280,7,4.4,20,mixed,high,low,11,989.92,11.06,4.9,3.5,163,3,False,False,False,True,False
39,22,8,1208.37,24.01,1177.16,23.39,completed,296,15,2.0,10,junior,high,high,12,1032.64,11.7,3.9,5.0,182,3,False,False,False,True,False
40,22,5,1077.12,12.2,1053.39,11.93,completed,296,15,2.0,10,junior,high,high,12,1032.64,11.7,3.9,5.0,182,3,False,False,False,True,False
41,22,14,1369.8,16.78,1417.43,17.37,completed,296,15,2.0,10,junior,high,high,12,1032.64,11.7,3.9,5.0,182,3,False,False,False,True,False
51,27,2,70.37,1.38,65.41,1.29,in_progress,0,0,3.6,3,senior,medium,high,13,73.68,1.14,3.6,4.5,362,0,True,False,False,False,False
52,27,7,87.85,1.54,85.6,1.5,in_progress,0,0,3.6,3,senior,medium,high,13,73.68,1.14,3.6,4.5,362,0,True,False,False,False,False
53,27,11,82.57,1.28,71.79,1.11,in_progress,0,0,3.6,3,senior,medium,high,13,73.68,1.14,3.6,4.5,362,0,True,False,False,False,False
54,28,7,608.19,6.81,528.49,5.92,in_progress,115,0,1.5,15,senior,high,high,14,587.37,6.58,4.5,4.2,322,5,False,False,False,False,True
55,28,8,692.9,7.6,704.42,7.72,in_progress,115,0,1.5,15,senior,high,high,14,587.37,6.58,4.5,4.2,322,5,False,False,False,False,True
56,28,19,561.69,9.61,533.39,9.12,in_progress,115,0,1.5,15,senior,high,high,14,587.37,6.58,4.5,4.2,322,5,False,False,False,False,True
57,29,6,261.13,2.82,272.72,2.94,completed,0,0,4.7,10,senior,medium,high,15,302.31,3.26,3.2,2.6,183,0,True,False,False,False,False
58,29,18,297.5,5.06,297.72,5.07,completed,0,0,4.7,10,senior,medium,high,15,302.31,3.26,3.2,2.6,183,0,True,False,False,False,False
59,29,8,291.89,3.65,269.38,3.37,completed,0,0,4.7,10,senior,medium,high,15,302.31,3.26,3.2,2.6,183,0,True,False,False,False,False
63,32,1,282.59,3.68,268.76,3.5,completed,0,0,4.3,11,junior,medium,low,16,333.6,4.34,4.9,3.9,54,0,False,False,True,False,False
64,32,12,326.96,4.55,323.62,4.5,completed,0,0,4.3,11,junior,medium,low,16,333.6,4.34,4.9,3.9,54,0,False,False,True,False,False
65,32,3,310.46,3.91,305.27,3.84,completed,0,0,4.3,11,junior,medium,low,16,333.6,4.34,4.9,3.9,54,0,False,False,True,False,False
66,33,12,170.36,2.72,149.0,2.38,completed,0,0,2.4,7,junior,low,low,17,184.69,2.95,3.5,3.6,82,0,True,False,False,False,False
78,40,16,398.6,6.92,389.05,6.75,in_progress,0,0,4.8,14,mixed,low,high,18,376.7,4.38,4.5,2.6,86,0,False,False,True,False,False
79,40,3,316.14,3.68,317.3,3.69,in_progress,0,0,4.8,14,mixed,low,high,18,376.7,4.38,4.5,2.6,86,0,False,False,True,False,False
80,40,2,398.94,6.14,405.9,6.25,in_progress,0,0,4.8,14,mixed,low,high,18,376.7,4.38,4.5,2.6,86,0,False,False,True,False,False
81,41,18,299.98,5.41,267.88,4.83,in_progress,0,0,1.5,14,senior,low,low,19,322.47,5.81,3.2,3.9,278,0,False,True,False,False,False
87,45,12,1915.4,28.45,1734.89,25.77,completed,489,49,1.4,15,senior,high,high,20,1709.81,25.4,3.8,3.0,203,6,False,False,False,True,False
88,45,17,2150.84,30.45,2000.9,28.33,completed,489,49,1.4,15,senior,high,high,20,1709.81,25.4,3.8,3.0,203,6,False,False,False,True,False
90,47,15,130.99,1.7,121.06,1.57,completed,0,0,1.9,6,senior,medium,high,21,124.72,1.62,4.1,4.0,143,0,True,False,False,False,False
91,47,6,183.61,2.02,165.86,1.83,completed,0,0,1.9,6,senior,medium,high,21,124.72,1.62,4.1,4.0,143,0,True,False,False,False,False
92,47,19,185.54,3.01,178.09,2.88,completed,0,0,1.9,6,senior,medium,high,21,124.72,1.62,4.1,4.0,143,0,True,False,False,False,False
93,48,20,169.32,1.79,160.82,1.7,completed,61,0,1.8,2,junior,medium,medium,22,197.81,2.09,4.6,2.8,325,2,False,False,False,False,True
94,48,2,138.54,2.74,140.85,2.78,completed,61,0,1.8,2,junior,medium,medium,22,197.81,2.09,4.6,2.8,325,2,False,False,False,False,True
95,48,18,145.19,1.7,147.79,1.73,completed,61,0,1.8,2,junior,medium,medium,22,197.81,2.09,4.6,2.8,325,2,False,False,False,False,True
96,49,4,160.07,1.88,155.4,1.83,completed,0,0,4.4,8,senior,medium,low,23,183.79,2.16,3.3,3.8,348,0,False,False,True,False,False
97,49,6,192.9,2.09,177.7,1.93,completed,0,0,4.4,8,senior,medium,low,23,183.79,2.16,3.3,3.8,348,0,False,False,True,False,False
98,49,7,152.71,2.19,153.62,2.21,completed,0,0,4.4,8,senior,medium,low,23,183.79,2.16,3.3,3.8,348,0,False,False,True,False,False
102,51,17,49.47,0.66,49.96,0.67,in_progress,0,0,2.1,2,senior,high,low,24,52.15,0.7,2.9,2.6,51,0,True,False,False,False,False
106,53,9,126.31,1.29,115.22,1.17,in_progress,0,0,1.0,5,junior,low,medium,25,112.62,1.14,3.2,2.8,286,0,False,False,True,False,False
107,53,3,108.46,1.29,108.91,1.3,in_progress,0,0,1.0,5,junior,low,medium,25,112.62,1.14,3.2,2.8,286,0,False,False,True,False,False
108,54,13,225.59,3.13,214.75,2.98,in_progress,84,0,1.8,2,junior,medium,high,26,252.73,3.51,2.7,4.4,196,6,False,False,False,False,True
109,54,16,279.23,5.02,241.59,4.34,in_progress,84,0,1.8,2,junior,medium,high,26,252.73,3.51,2.7,4.4,196,6,False,False,False,False,True
115,57,8,1511.3,18.27,1376.76,16.64,in_progress,450,47,1.5,11,senior,medium,high,27,1337.96,16.17,3.9,2.7,40,4,False,False,False,True,False
118,59,2,240.35,3.65,232.06,3.52,in_progress,0,0,4.0,11,junior,low,medium,28,257.81,3.91,3.5,4.6,96,0,True,False,False,False,False
119,59,6,251.4,4.71,263.5,4.94,in_progress,0,0,4.0,11,junior,low,medium,28,257.81,3.91,3.5,4.6,96,0,True,False,False,False,False
120,60,8,522.04,6.61,506.33,6.41,in_progress,0,0,1.8,18,junior,medium,high,29,586.2,7.42,4.3,3.9,188,0,False,False,True,False,False
123,62,1,195.57,2.82,168.77,2.43,in_progress,0,0,1.6,6,junior,low,high,30,189.57,2.59,3.2,3.6,71,0,False,False,True,False,False
124,62,4,179.62,2.91,163.37,2.65,in_progress,0,0,1.6,6,junior,low,high,30,189.57,2.59,3.2,3.6,71,0,False,False,True,False,False
125,62,10,162.03,2.21,156.72,2.14,in_progress,0,0,1.6,6,junior,low,high,30,189.57,2.59,3.2,3.6,71,0,False,False,True,False,False
126,63,20,39.13,0.67,37.47,0.64,completed,0,0,2.9,2,mixed,low,low,31,36.92,0.63,4.8,4.1,302,0,False,True,False,False,False
127,64,18,287.15,4.55,289.73,4.59,in_progress,0,0,1.3,14,senior,high,low,32,360.23,5.71,3.8,3.8,229,0,False,True,False,False,False
128,64,8,328.55,6.0,308.66,5.64,in_progress,0,0,1.3,14,senior,high,low,32,360.23,5.71,3.8,3.8,229,0,False,True,False,False,False
129,65,4,161.61,3.11,155.56,2.99,completed,0,0,3.9,7,mixed,medium,medium,33,167.4,2.28,4.6,2.2,51,0,True,False,False,False,False
130,65,8,155.17,2.36,156.61,2.38,completed,0,0,3.9,7,mixed,medium,medium,33,167.4,2.28,4.6,2.2,51,0,True,False,False,False,False
131,65,13,135.95,1.84,135.38,1.84,completed,0,0,3.9,7,mixed,medium,medium,33,167.4,2.28,4.6,2.2,51,0,True,False,False,False,False
132,66,3,296.16,4.02,258.32,3.51,completed,0,0,2.8,11,mixed,low,high,34,261.25,3.55,4.9,4.5,349,0,False,False,True,False,False
133,66,15,317.84,5.79,321.82,5.86,completed,0,0,2.8,11,mixed,low,high,34,261.25,3.55,4.9,4.5,349,0,False,False,True,False,False
134,66,11,290.75,4.62,247.16,3.93,completed,0,0,2.8,11,mixed,low,high,34,261.25,3.55,4.9,4.5,349,0,False,False,True,False,False
135,67,15,600.58,8.01,621.24,8.28,completed,0,0,2.1,20,junior,medium,high,35,645.7,7.49,3.4,3.4,281,0,False,False,True,False,False
136,67,12,562.75,6.53,589.65,6.84,completed,0,0,2.1,20,junior,medium,high,35,645.7,7.49,3.4,3.4,281,0,False,False,True,False,False
137,67,11,716.16,10.32,720.62,10.39,completed,0,0,2.1,20,junior,medium,high,35,645.7,7.49,3.4,3.4,281,0,False,False,True,False,False
139,69,12,185.44,3.24,172.04,3.01,in_progress,0,0,2.3,6,mixed,medium,high,36,188.37,2.26,2.6,2.1,103,0,False,True,False,False,False
140,69,7,184.97,2.22,181.61,2.18,in_progress,0,0,2.3,6,mixed,medium,high,36,188.37,2.26,2.6,2.1,103,0,False,True,False,False,False
141,70,12,267.67,4.38,277.41,4.54,completed,0,0,2.2,11,senior,medium,low,37,228.51,3.25,4.9,4.5,364,0,True,False,False,False,False
142,70,20,228.83,3.25,223.65,3.18,completed,0,0,2.2,11,senior,medium,low,37,228.51,3.25,4.9,4.5,364,0,True,False,False,False,False
143,70,14,203.29,3.76,212.41,3.93,completed,0,0,2.2,11,senior,medium,low,37,228.51,3.25,4.9,4.5,364,0,True,False,False,False,False
144,71,12,1341.72,24.36,1311.59,23.81,completed,323,0,4.6,19,junior,high,high,38,1630.75,20.33,2.9,2.7,256,3,False,False,False,False,True
145,71,17,1518.68,18.93,1444.92,18.01,completed,323,0,4.6,19,junior,high,high,38,1630.75,20.33,2.9,2.7,256,3,False,False,False,False,True
146,71,18,1428.79,24.51,1458.38,25.02,completed,323,0,4.6,19,junior,high,high,38,1630.75,20.33,2.9,2.7,256,3,False,False,False,False,True
148,73,10,422.96,5.33,392.43,4.95,in_progress,0,0,1.5,20,junior,low,low,39,478.29,6.03,2.7,3.5,111,0,True,False,False,False,False
149,74,5,328.49,5.16,303.82,4.77,in_progress,0,0,3.1,13,senior,high,medium,40,226.51,2.69,2.5,3.2,321,0,False,True,False,False,False
150,74,8,241.81,2.88,210.55,2.5,in_progress,0,0,3.1,13,senior,high,medium,40,226.51,2.69,2.5,3.2,321,0,False,True,False,False,False
152,76,9,812.5,15.81,804.06,15.65,completed,392,0,4.9,2,mixed,low,high,41,911.6,17.74,3.1,4.6,93,5,False,False,False,False,True
153,77,6,370.67,4.58,347.7,4.3,in_progress,0,0,3.1,13,senior,medium,high,42,351.45,4.35,2.6,2.7,350,0,False,True,False,False,False
154,77,2,307.0,5.95,275.53,5.34,in_progress,0,0,3.1,13,senior,medium,high,42,351.45,4.35,2.6,2.7,350,0,False,True,False,False,False
155,77,19,395.12,7.86,354.23,7.05,in_progress,0,0,3.1,13,senior,medium,high,42,351.45,4.35,2.6,2.7,350,0,False,True,False,False,False
167,83,16,54.37,1.07,52.87,1.04,completed,0,0,2.4,3,mixed,high,medium,43,61.84,1.12,2.8,4.8,66,0,False,False,True,False,False
168,83,18,55.76,1.01,56.26,1.02,completed,0,0,2.4,3,mixed,high,medium,43,61.84,1.12,2.8,4.8,66,0,False,False,True,False,False
169,84,14,768.44,11.6,737.18,11.13,in_progress,308,0,1.4,13,mixed,high,low,44,872.75,9.04,3.8,3.1,363,4,False,False,False,False,True
170,84,1,785.19,8.13,734.9,7.61,in_progress,308,0,1.4,13,mixed,high,low,44,872.75,9.04,3.8,3.1,363,4,False,False,False,False,True
176,87,8,335.11,6.32,346.15,6.53,in_progress,0,0,2.1,12,mixed,medium,high,45,351.37,6.63,4.7,3.5,351,0,False,False,True,False,False
177,88,19,331.81,4.01,337.66,4.08,in_progress,0,0,3.4,13,mixed,high,low,46,346.98,4.16,4.0,3.4,281,0,False,False,True,False,False
178,88,18,320.51,3.84,291.67,3.5,in_progress,0,0,3.4,13,mixed,high,low,46,346.98,4.16,4.0,3.4,281,0,False,False,True,False,False
184,91,5,599.85,6.14,534.65,5.48,in_progress,141,11,2.0,10,mixed,low,low,47,616.99,6.32,3.8,3.8,118,2,False,False,False,True,False
185,91,4,499.54,9.35,515.55,9.65,in_progress,141,11,2.0,10,mixed,low,low,47,616.99,6.32,3.8,3.8,118,2,False,False,False,True,False
186,91,2,624.89,7.74,584.08,7.23,in_progress,141,11,2.0,10,mixed,low,low,47,616.99,6.32,3.8,3.8,118,2,False,False,False,True,False
187,92,12,39.36,0.4,37.68,0.38,completed,0,0,3.8,2,senior,low,low,48,43.54,0.44,4.9,2.4,364,0,True,False,False,False,False
188,92,15,40.77,0.58,35.03,0.5,completed,0,0,3.8,2,senior,low,low,48,43.54,0.44,4.9,2.4,364,0,True,False,False,False,False
189,92,2,50.59,0.54,52.99,0.56,completed,0,0,3.8,2,senior,low,low,48,43.54,0.44,4.9,2.4,364,0,True,False,False,False,False
191,94,15,77.88,1.12,81.29,1.17,completed,0,0,4.7,3,mixed,low,low,49,62.79,0.69,4.0,2.5,278,0,False,True,False,False,False
192,94,7,63.77,1.14,60.87,1.09,completed,0,0,4.7,3,mixed,low,low,49,62.79,0.69,4.0,2.5,278,0,False,True,False,False,False
193,94,6,55.39,0.6,54.68,0.6,completed,0,0,4.7,3,mixed,low,low,49,62.79,0.69,4.0,2.5,278,0,False,True,False,False,False
204,99,9,497.06,8.15,509.54,8.35,completed,0,0,3.6,18,junior,low,low,50,425.5,6.23,4.3,3.3,43,0,False,True,False,False,False
205,99,2,382.82,5.61,347.53,5.09,completed,0,0,3.6,18,junior,low,low,50,425.5,6.23,4.3,3.3,43,0,False,True,False,False,False
206,100,9,308.82,5.07,300.96,4.94,completed,0,0,3.5,13,junior,low,low,51,293.71,4.05,3.9,2.8,41,0,False,True,False,False,False
207,100,20,383.17,7.58,355.69,7.03,completed,0,0,3.5,13,junior,low,low,51,293.71,4.05,3.9,2.8,41,0,False,True,False,False,False
208,100,5,301.9,4.16,306.6,4.23,completed,0,0,3.5,13,junior,low,low,51,293.71,4.05,3.9,2.8,41,0,False,True,False,False,False
209,101,15,1148.64,15.13,1060.85,13.97,completed,332,30,2.5,19,senior,low,low,52,1177.96,15.51,2.7,2.4,356,2,False,False,False,True,False
210,101,18,1129.42,20.5,983.35,17.85,completed,332,30,2.5,19,senior,low,low,52,1177.96,15.51,2.7,2.4,356,2,False,False,False,True,False
211,102,12,44.3,0.71,46.41,0.74,in_progress,0,0,1.2,2,mixed,high,medium,53,53.41,0.55,3.0,4.4,189,0,True,False,False,False,False
212,102,14,47.31,0.88,44.43,0.83,in_progress,0,0,1.2,2,mixed,high,medium,53,53.41,0.55,3.0,4.4,189,0,True,False,False,False,False
213,102,18,45.85,0.48,46.37,0.48,in_progress,0,0,1.2,2,mixed,high,medium,53,53.41,0.55,3.0,4.4,189,0,True,False,False,False,False
214,103,13,302.77,5.3,306.8,5.37,in_progress,0,0,2.8,11,junior,medium,high,54,352.2,6.16,4.6,4.5,34,0,False,False,True,False,False
227,110,16,1054.29,12.48,1035.37,12.25,in_progress,382,21,4.0,2,senior,low,high,55,1016.32,12.02,4.0,4.1,352,4,False,False,False,True,False
228,110,6,1034.93,19.61,946.82,17.94,in_progress,382,21,4.0,2,senior,low,high,55,1016.32,12.02,4.0,4.1,352,4,False,False,False,True,False
229,110,10,1153.21,19.56,1092.85,18.53,in_progress,382,21,4.0,2,senior,low,high,55,1016.32,12.02,4.0,4.1,352,4,False,False,False,True,False
236,113,18,1043.5,15.64,958.55,14.37,in_progress,345,0,2.3,18,senior,high,high,56,1020.26,11.63,3.7,2.7,167,2,False,False,False,False,True
237,113,5,1093.41,12.46,950.97,10.84,in_progress,345,0,2.3,18,senior,high,high,56,1020.26,11.63,3.7,2.7,167,2,False,False,False,False,True
238,113,12,1060.23,20.55,1020.23,19.77,in_progress,345,0,2.3,18,senior,high,high,56,1020.26,11.63,3.7,2.7,167,2,False,False,False,False,True
245,117,19,391.42,5.52,398.3,5.62,in_progress,0,0,4.4,19,senior,high,medium,57,394.87,5.57,4.7,2.8,141,0,False,True,False,False,False
246,117,11,399.4,6.73,417.71,7.04,in_progress,0,0,4.4,19,senior,high,medium,57,394.87,5.57,4.7,2.8,141,0,False,True,False,False,False
247,117,3,433.76,6.07,414.35,5.8,in_progress,0,0,4.4,19,senior,high,medium,57,394.87,5.57,4.7,2.8,141,0,False,True,False,False,False
256,121,4,657.08,9.65,667.84,9.8,completed,134,39,3.4,4,senior,low,low,58,650.0,9.54,4.7,3.4,361,5,False,False,False,True,False
259,123,13,398.16,6.9,385.49,6.68,in_progress,0,0,2.3,16,senior,high,medium,59,480.52,8.33,3.2,4.6,296,0,False,True,False,False,False
262,126,1,777.57,10.29,771.69,10.21,completed,205,23,2.6,6,mixed,low,medium,60,768.5,10.17,4.4,2.6,104,5,False,False,False,True,False
263,126,15,633.28,11.51,573.8,10.43,completed,205,23,2.6,6,mixed,low,medium,60,768.5,10.17,4.4,2.6,104,5,False,False,False,True,False
264,126,17,829.92,14.08,706.02,11.98,completed,205,23,2.6,6,mixed,low,medium,60,768.5,10.17,4.4,2.6,104,5,False,False,False,True,False
270,129,19,1150.29,21.94,1002.09,19.12,in_progress,324,0,4.9,16,senior,high,high,61,803.02,13.23,3.4,4.4,133,3,False,False,False,False,True
271,129,8,908.76,14.97,786.39,12.96,in_progress,324,0,4.9,16,senior,high,high,61,803.02,13.23,3.4,4.4,133,3,False,False,False,False,True
272,130,13,529.55,9.61,481.42,8.73,completed,244,0,2.8,3,junior,low,low,62,538.51,9.77,4.2,4.7,322,6,False,False,False,False,True
275,132,8,533.22,10.22,524.7,10.06,in_progress,0,0,2.2,16,junior,low,high,63,646.98,12.4,4.3,2.9,42,0,False,True,False,False,False
276,133,10,390.44,6.58,344.67,5.81,in_progress,0,0,4.6,15,junior,high,high,64,383.19,6.46,3.6,2.2,324,0,False,False,True,False,False
277,133,15,387.27,6.74,383.28,6.67,in_progress,0,0,4.6,15,junior,high,high,64,383.19,6.46,3.6,2.2,324,0,False,False,True,False,False
278,134,1,1544.9,18.76,1433.86,17.41,in_progress,332,46,4.1,4,junior,medium,low,65,1669.33,20.27,3.3,3.4,81,5,False,False,False,True,False
279,134,4,1129.69,18.59,1103.03,18.15,in_progress,332,46,4.1,4,junior,medium,low,65,1669.33,20.27,3.3,3.4,81,5,False,False,False,True,False
280,135,15,289.63,5.22,268.97,4.85,completed,0,0,2.4,13,mixed,low,medium,66,298.4,5.38,4.6,4.3,225,0,False,True,False,False,False
281,136,16,166.87,2.0,170.28,2.04,completed,0,0,1.5,7,senior,medium,medium,67,176.45,2.11,4.8,2.6,264,0,False,False,True,False,False
282,136,8,146.42,2.92,129.76,2.59,completed,0,0,1.5,7,senior,medium,medium,67,176.45,2.11,4.8,2.6,264,0,False,False,True,False,False
287,139,17,60.43,1.06,57.94,1.02,completed,0,0,1.7,3,mixed,medium,low,68,59.74,1.05,3.5,3.4,284,0,True,False,False,False,False
288,139,15,60.56,1.13,54.8,1.02,completed,0,0,1.7,3,mixed,medium,low,68,59.74,1.05,3.5,3.4,284,0,True,False,False,False,False
289,139,5,68.51,1.17,61.55,1.05,completed,0,0,1.7,3,mixed,medium,low,68,59.74,1.05,3.5,3.4,284,0,True,False,False,False,False
290,140,11,815.1,9.74,818.27,9.77,completed,378,3,4.9,14,senior,low,medium,69,978.36,11.68,4.0,3.2,350,6,False,False,False,True,False
291,140,13,832.86,14.83,873.76,15.55,completed,378,3,4.9,14,senior,low,medium,69,978.36,11.68,4.0,3.2,350,6,False,False,False,True,False
299,145,18,109.63,2.07,109.14,2.06,completed,0,0,3.3,6,senior,medium,medium,70,121.64,1.99,3.0,3.0,164,0,False,True,False,False,False
300,145,14,117.97,1.93,104.35,1.71,completed,0,0,3.3,6,senior,medium,medium,70,121.64,1.99,3.0,3.0,164,0,False,True,False,False,False
301,145,2,117.43,1.98,110.95,1.87,completed,0,0,3.3,6,senior,medium,medium,70,121.64,1.99,3.0,3.0,164,0,False,True,False,False,False
305,147,5,164.76,3.02,154.91,2.84,in_progress,47,0,2.9,5,senior,medium,low,71,188.27,2.47,4.5,3.2,88,6,False,False,False,False,True
306,147,11,188.22,3.36,188.87,3.37,in_progress,47,0,2.9,5,senior,medium,low,71,188.27,2.47,4.5,3.2,88,6,False,False,False,False,True
307,147,9,168.64,2.21,167.05,2.19,in_progress,47,0,2.9,5,senior,medium,low,71,188.27,2.47,4.5,3.2,88,6,False,False,False,False,True
308,148,18,64.76,1.26,64.88,1.27,completed,0,0,4.2,3,junior,low,medium,72,77.17,0.79,2.9,2.8,66,0,True,False,False,False,False
309,148,16,81.01,0.83,78.03,0.8,completed,0,0,4.2,3,junior,low,medium,72,77.17,0.79,2.9,2.8,66,0,True,False,False,False,False
310,148,3,87.03,1.57,85.13,1.54,completed,0,0,4.2,3,junior,low,medium,72,77.17,0.79,2.9,2.8,66,0,True,False,False,False,False
311,149,16,1285.02,19.16,1130.86,16.86,completed,382,27,2.5,12,junior,medium,low,73,1101.35,16.42,2.5,2.6,353,6,False,False,False,True,False
312,149,6,1250.65,17.66,1294.02,18.27,completed,382,27,2.5,12,junior,medium,low,73,1101.35,16.42,2.5,2.6,353,6,False,False,False,True,False
313,149,18,1285.69,17.1,1275.64,16.96,completed,382,27,2.5,12,junior,medium,low,73,1101.35,16.42,2.5,2.6,353,6,False,False,False,True,False
314,150,6,419.25,7.79,435.22,8.08,completed,0,0,2.7,18,mixed,medium,low,74,454.31,5.81,2.6,4.2,177,0,False,False,True,False,False
315,150,10,452.72,5.79,421.71,5.39,completed,0,0,2.7,18,mixed,medium,low,74,454.31,5.81,2.6,4.2,177,0,False,False,True,False,False
318,153,4,154.22,2.43,152.22,2.39,in_progress,0,0,4.2,8,senior,high,low,75,146.96,2.31,3.3,2.7,152,0,False,True,False,False,False
319,154,10,310.21,4.64,275.85,4.12,in_progress,0,0,2.8,16,mixed,high,low,76,284.31,4.25,3.3,4.6,279,0,False,False,True,False,False
320,155,15,176.77,3.35,180.17,3.41,completed,0,0,2.9,6,junior,high,medium,77,168.03,1.71,3.0,4.2,138,0,True,False,False,False,False
321,155,18,168.52,1.72,165.92,1.69,completed,0,0,2.9,6,junior,high,medium,77,168.03,1.71,3.0,4.2,138,0,True,False,False,False,False
328,161,5,1137.39,12.88,1107.87,12.54,completed,247,0,2.9,20,junior,high,low,78,1357.86,15.37,4.5,2.1,195,3,False,False,False,False,True
329,161,18,970.92,18.51,949.97,18.11,completed,247,0,2.9,20,junior,high,low,78,1357.86,15.37,4.5,2.1,195,3,False,False,False,False,True
335,164,17,55.92,0.9,57.27,0.92,in_progress,0,0,2.2,2,senior,high,high,79,42.35,0.79,4.0,4.5,241,0,True,False,False,False,False
336,164,14,46.47,0.87,41.15,0.77,in_progress,0,0,2.2,2,senior,high,high,79,42.35,0.79,4.0,4.5,241,0,True,False,False,False,False
337,164,5,59.81,0.98,55.2,0.91,in_progress,0,0,2.2,2,senior,high,high,79,42.35,0.79,4.0,4.5,241,0,True,False,False,False,False
339,166,10,308.54,4.54,303.68,4.47,in_progress,0,0,3.0,11,junior,low,low,80,320.65,4.33,2.7,2.3,74,0,False,False,True,False,False
340,166,7,278.51,3.76,287.03,3.88,in_progress,0,0,3.0,11,junior,low,low,80,320.65,4.33,2.7,2.3,74,0,False,False,True,False,False
347,169,2,1952.1,20.83,1909.72,20.38,completed,484,49,2.1,14,junior,low,high,81,2081.83,22.22,5.0,4.2,104,2,False,False,False,True,False
348,169,13,2600.23,26.42,2691.7,27.35,completed,484,49,2.1,14,junior,low,high,81,2081.83,22.22,5.0,4.2,104,2,False,False,False,True,False
351,171,10,131.77,1.53,112.16,1.3,completed,0,0,4.2,7,senior,high,medium,82,139.84,1.62,4.8,4.0,213,0,False,True,False,False,False
352,171,20,165.13,3.05,156.6,2.89,completed,0,0,4.2,7,senior,high,medium,82,139.84,1.62,4.8,4.0,213,0,False,True,False,False,False
353,171,15,134.92,1.55,134.92,1.55,completed,0,0,4.2,7,senior,high,medium,82,139.84,1.62,4.8,4.0,213,0,False,True,False,False,False
363,175,12,397.32,6.42,387.5,6.26,completed,0,0,1.2,20,senior,medium,low,83,410.34,4.39,4.8,3.3,51,0,True,False,False,False,False
364,175,1,382.13,4.09,401.17,4.29,completed,0,0,1.2,20,senior,medium,low,83,410.34,4.39,4.8,3.3,51,0,True,False,False,False,False
365,175,6,395.78,7.09,410.31,7.35,completed,0,0,1.2,20,senior,medium,low,83,410.34,4.39,4.8,3.3,51,0,True,False,False,False,False
368,177,17,428.86,4.83,428.64,4.83,completed,0,0,2.8,19,mixed,low,high,84,393.76,4.49,4.7,2.3,85,0,False,False,True,False,False
369,177,14,467.24,5.9,447.59,5.65,completed,0,0,2.8,19,mixed,low,high,84,393.76,4.49,4.7,2.3,85,0,False,False,True,False,False
370,177,10,410.62,4.68,367.46,4.19,completed,0,0,2.8,19,mixed,low,high,84,393.76,4.49,4.7,2.3,85,0,False,False,True,False,False
373,179,3,210.69,2.51,193.22,2.3,in_progress,0,0,2.0,8,junior,low,medium,85,193.58,2.3,2.7,4.7,275,0,True,False,False,False,False
374,180,17,300.85,4.48,305.2,4.55,in_progress,0,0,4.3,14,senior,high,medium,86,343.75,5.12,3.3,2.8,113,0,False,True,False,False,False
379,183,11,501.05,5.21,471.05,4.9,completed,0,0,2.8,18,mixed,high,high,87,499.42,5.2,3.3,3.5,180,0,False,False,True,False,False
380,184,13,320.47,5.55,320.12,5.55,completed,0,0,2.0,16,senior,high,medium,88,368.86,3.95,3.3,4.2,161,0,False,True,False,False,False
381,184,5,370.13,3.97,359.35,3.85,completed,0,0,2.0,16,senior,high,medium,88,368.86,3.95,3.3,4.2,161,0,False,True,False,False,False
382,185,4,1322.01,18.93,1317.23,18.86,in_progress,219,49,1.3,9,junior,low,medium,89,1512.32,21.65,4.2,4.3,268,4,False,False,False,True,False
383,185,1,1413.77,28.17,1241.36,24.74,in_progress,219,49,1.3,9,junior,low,medium,89,1512.32,21.65,4.2,4.3,268,4,False,False,False,True,False
384,185,7,1335.99,23.14,1219.27,21.12,in_progress,219,49,1.3,9,junior,low,medium,89,1512.32,21.65,4.2,4.3,268,4,False,False,False,True,False
387,187,19,173.04,2.88,175.13,2.92,in_progress,0,0,2.4,6,junior,low,low,90,203.97,3.4,4.7,2.4,277,0,True,False,False,False,False
390,189,18,88.31,1.57,87.77,1.56,completed,0,0,3.5,3,junior,medium,high,91,105.71,1.88,3.4,2.1,82,0,False,True,False,False,False
391,189,4,98.6,1.79,86.8,1.58,completed,0,0,3.5,3,junior,medium,high,91,105.71,1.88,3.4,2.1,82,0,False,True,False,False,False
395,191,12,228.85,2.38,230.43,2.4,completed,0,0,3.7,10,junior,high,medium,92,223.34,2.33,3.1,3.3,322,0,False,True,False,False,False
396,191,11,280.71,3.79,278.42,3.76,completed,0,0,3.7,10,junior,high,medium,92,223.34,2.33,3.1,3.3,322,0,False,True,False,False,False
397,192,10,170.05,2.3,152.81,2.06,completed,0,0,1.1,6,junior,high,low,93,149.97,2.02,4.4,2.7,356,0,False,False,True,False,False
398,192,11,140.78,2.81,139.18,2.78,completed,0,0,1.1,6,junior,high,low,93,149.97,2.02,4.4,2.7,356,0,False,False,True,False,False
399,192,4,177.55,3.22,161.08,2.92,completed,0,0,1.1,6,junior,high,low,93,149.97,2.02,4.4,2.7,356,0,False,False,True,False,False
400,193,14,636.33,6.87,608.65,6.57,completed,85,0,3.0,17,mixed,medium,high,94,578.92,6.25,4.1,4.0,315,4,False,False,False,False,True
401,193,5,539.96,9.69,514.23,9.23,completed,85,0,3.0,17,mixed,medium,high,94,578.92,6.25,4.1,4.0,315,4,False,False,False,False,True
402,194,19,445.99,7.3,399.73,6.54,completed,0,0,2.4,16,junior,high,high,95,371.77,6.26,2.7,4.1,202,0,False,False,True,False,False
403,194,17,473.6,8.33,474.56,8.35,completed,0,0,2.4,16,junior,high,high,95,371.77,6.26,2.7,4.1,202,0,False,False,True,False,False
404,194,18,415.23,6.99,356.5,6.0,completed,0,0,2.4,16,junior,high,high,95,371.77,6.26,2.7,4.1,202,0,False,False,True,False,False
407,196,11,490.68,6.72,455.03,6.24,completed,96,0,1.9,12,mixed,low,medium,96,508.77,6.98,3.4,4.2,51,6,False,False,False,False,True
411,198,1,214.59,2.92,184.06,2.5,in_progress,0,0,4.2,9,mixed,low,low,97,225.93,3.07,4.9,2.1,328,0,True,False,False,False,False
412,198,6,183.15,3.1,166.48,2.82,in_progress,0,0,4.2,9,mixed,low,low,97,225.93,3.07,4.9,2.1,328,0,True,False,False,False,False
427,208,6,818.2,10.79,718.22,9.47,in_progress,330,0,2.3,14,junior,medium,low,98,705.59,9.3,3.2,4.8,344,4,False,False,False,False,True
428,209,1,400.94,6.81,398.05,6.76,in_progress,0,0,2.5,14,senior,low,high,99,478.49,8.13,3.9,2.8,164,0,False,True,False,False,False
429,210,19,329.69,6.57,338.65,6.75,completed,0,0,1.2,13,junior,low,high,100,342.1,5.34,4.6,2.5,41,0,True,False,False,False,False
430,210,1,443.38,8.27,377.61,7.04,completed,0,0,1.2,13,junior,low,high,100,342.1,5.34,4.6,2.5,41,0,True,False,False,False,False
431,210,14,349.54,5.45,306.22,4.78,completed,0,0,1.2,13,junior,low,high,100,342.1,5.34,4.6,2.5,41,0,True,False,False,False,False
432,211,9,732.98,11.23,670.75,10.28,in_progress,287,0,1.1,4,junior,medium,low,101,613.55,8.24,4.6,2.4,222,6,False,False,False,False,True
433,211,8,618.58,7.1,630.34,7.24,in_progress,287,0,1.1,4,junior,medium,low,101,613.55,8.24,4.6,2.4,222,6,False,False,False,False,True
434,211,18,602.55,8.09,513.92,6.9,in_progress,287,0,1.1,4,junior,medium,low,101,613.55,8.24,4.6,2.4,222,6,False,False,False,False,True
435,212,17,116.23,1.21,113.93,1.19,completed,18,0,4.9,4,senior,high,medium,102,111.22,1.16,4.9,2.9,209,2,False,False,False,False,True
436,213,8,942.02,13.29,943.85,13.31,completed,425,0,3.4,18,mixed,low,medium,103,1132.95,15.98,4.2,4.6,58,6,False,False,False,False,True
439,215,16,1239.02,13.7,1124.13,12.43,in_progress,419,0,1.1,11,senior,low,high,104,1171.18,12.23,3.7,3.6,113,3,False,False,False,False,True
440,215,20,1197.38,12.51,1047.41,10.94,in_progress,419,0,1.1,11,senior,low,high,104,1171.18,12.23,3.7,3.6,113,3,False,False,False,False,True
441,216,5,822.06,14.87,781.64,14.14,completed,89,31,4.2,15,mixed,high,medium,105,851.79,9.53,2.6,4.1,176,6,False,False,False,True,False
442,216,11,742.45,9.9,762.19,10.17,completed,89,31,4.2,15,mixed,high,medium,105,851.79,9.53,2.6,4.1,176,6,False,False,False,True,False
443,216,7,739.55,8.27,763.56,8.54,completed,89,31,4.2,15,mixed,high,medium,105,851.79,9.53,2.6,4.1,176,6,False,False,False,True,False
444,217,15,49.8,0.7,50.47,0.71,in_progress,0,0,3.0,2,senior,high,high,106,59.98,0.84,2.9,3.0,336,0,False,False,True,False,False
445,217,14,47.07,0.74,46.95,0.74,in_progress,0,0,3.0,2,senior,high,high,106,59.98,0.84,2.9,3.0,336,0,False,False,True,False,False
446,218,16,197.05,3.12,172.21,2.72,in_progress,0,0,1.0,7,senior,high,high,107,180.26,2.85,3.0,3.5,220,0,False,True,False,False,False
447,218,20,191.74,3.28,167.23,2.86,in_progress,0,0,1.0,7,senior,high,high,107,180.26,2.85,3.0,3.5,220,0,False,True,False,False,False
448,218,15,173.08,3.37,172.21,3.36,in_progress,0,0,1.0,7,senior,high,high,107,180.26,2.85,3.0,3.5,220,0,False,True,False,False,False
455,223,20,375.93,3.86,350.41,3.6,in_progress,0,0,3.5,17,junior,low,medium,108,393.73,4.05,2.9,2.8,142,0,False,False,True,False,False
460,226,19,322.91,3.84,293.8,3.5,completed,0,0,2.1,12,junior,low,high,109,342.81,4.08,3.7,5.0,54,0,False,False,True,False,False
461,226,16,397.98,5.55,376.29,5.25,completed,0,0,2.1,12,junior,low,high,109,342.81,4.08,3.7,5.0,54,0,False,False,True,False,False
462,226,17,427.04,8.09,443.5,8.4,completed,0,0,2.1,12,junior,low,high,109,342.81,4.08,3.7,5.0,54,0,False,False,True,False,False
465,228,16,1280.34,15.3,1265.37,15.13,in_progress,478,6,2.4,14,senior,medium,low,110,1525.07,18.24,2.5,2.5,161,5,False,False,False,True,False
466,228,2,1240.79,23.63,1067.37,20.32,in_progress,478,6,2.4,14,senior,medium,low,110,1525.07,18.24,2.5,2.5,161,5,False,False,False,True,False
467,229,5,1204.1,18.0,1045.9,15.64,in_progress,373,18,2.4,16,mixed,high,high,111,1235.94,18.48,4.3,3.9,317,6,False,False,False,True,False
468,230,6,313.99,3.29,299.2,3.14,completed,0,0,2.9,13,junior,low,low,112,359.47,3.77,4.1,4.3,106,0,True,False,False,False,False
473,233,4,120.37,1.85,119.46,1.83,completed,0,0,4.6,6,mixed,low,low,113,144.43,1.62,3.2,3.8,91,0,False,True,False,False,False
474,233,19,125.42,1.89,119.02,1.79,completed,0,0,4.6,6,mixed,low,low,113,144.43,1.62,3.2,3.8,91,0,False,True,False,False,False
475,233,20,137.29,1.53,132.31,1.48,completed,0,0,4.6,6,mixed,low,low,113,144.43,1.62,3.2,3.8,91,0,False,True,False,False,False
476,234,3,313.88,4.46,325.74,4.62,in_progress,0,0,3.9,13,senior,medium,medium,114,309.55,3.14,4.3,4.2,85,0,True,False,False,False,False
477,234,8,293.56,4.13,256.02,3.6,in_progress,0,0,3.9,13,senior,medium,medium,114,309.55,3.14,4.3,4.2,85,0,True,False,False,False,False
478,234,14,329.32,3.35,298.53,3.03,in_progress,0,0,3.9,13,senior,medium,medium,114,309.55,3.14,4.3,4.2,85,0,True,False,False,False,False
479,235,13,165.18,2.13,141.47,1.83,in_progress,0,0,3.9,7,senior,medium,medium,115,152.85,1.69,2.5,2.4,189,0,True,False,False,False,False
480,235,16,165.78,1.84,142.56,1.58,in_progress,0,0,3.9,7,senior,medium,medium,115,152.85,1.69,2.5,2.4,189,0,True,False,False,False,False
481,236,13,143.01,1.63,125.84,1.44,in_progress,0,0,1.9,6,mixed,medium,high,116,148.25,1.7,4.3,4.7,153,0,False,False,True,False,False
482,237,12,49.15,0.51,50.94,0.53,completed,0,0,4.6,2,mixed,low,medium,117,45.85,0.47,2.8,2.1,37,0,True,False,False,False,False
483,237,9,43.88,0.45,41.76,0.43,completed,0,0,4.6,2,mixed,low,medium,117,45.85,0.47,2.8,2.1,37,0,True,False,False,False,False
489,241,13,342.7,3.8,307.14,3.41,in_progress,0,0,3.0,17,mixed,low,low,118,369.99,4.11,4.5,4.4,145,0,False,True,False,False,False
493,244,7,405.14,7.3,347.53,6.26,completed,0,0,4.0,19,mixed,high,medium,119,467.56,5.35,3.0,3.2,332,0,False,False,True,False,False
494,244,3,385.03,4.41,387.28,4.43,completed,0,0,4.0,19,mixed,high,medium,119,467.56,5.35,3.0,3.2,332,0,False,False,True,False,False
495,245,11,546.27,8.07,485.19,7.17,in_progress,0,0,2.8,19,senior,low,high,120,577.25,8.53,4.2,3.5,252,0,True,False,False,False,False
496,246,6,97.24,1.7,92.07,1.61,completed,0,0,4.0,4,junior,medium,low,121,112.07,1.22,4.4,2.1,136,0,False,True,False,False,False
497,246,5,105.15,1.14,98.68,1.07,completed,0,0,4.0,4,junior,medium,low,121,112.07,1.22,4.4,2.1,136,0,False,True,False,False,False
498,247,18,189.02,2.87,186.57,2.83,completed,0,0,1.6,9,mixed,medium,low,122,202.69,3.07,4.9,3.5,281,0,False,True,False,False,False
499,247,3,220.42,4.38,213.83,4.25,completed,0,0,1.6,9,mixed,medium,low,122,202.69,3.07,4.9,3.5,281,0,False,True,False,False,False
500,248,6,56.87,1.0,57.91,1.02,in_progress,0,0,1.6,3,senior,low,low,123,75.17,0.93,4.4,3.4,39,0,True,False,False,False,False
501,248,8,60.82,0.75,62.87,0.78,in_progress,0,0,1.6,3,senior,low,low,123,75.17,0.93,4.4,3.4,39,0,True,False,False,False,False
507,252,17,526.39,5.35,530.65,5.39,in_progress,0,0,1.8,19,junior,low,high,124,634.7,6.45,4.7,4.6,88,0,False,True,False,False,False
508,252,9,643.01,6.68,648.21,6.74,in_progress,0,0,1.8,19,junior,low,high,124,634.7,6.45,4.7,4.6,88,0,False,True,False,False,False
514,255,20,322.78,4.2,313.22,4.07,completed,0,0,3.3,15,senior,low,low,125,308.09,4.0,3.7,2.4,115,0,False,False,True,False,False
515,255,9,319.25,6.12,273.82,5.25,completed,0,0,3.3,15,senior,low,low,125,308.09,4.0,3.7,2.4,115,0,False,False,True,False,False
516,256,14,341.25,6.47,314.98,5.97,in_progress,0,0,2.5,12,junior,high,medium,126,317.45,3.28,2.5,2.6,66,0,False,True,False,False,False
517,256,5,284.94,2.94,258.04,2.67,in_progress,0,0,2.5,12,junior,high,medium,126,317.45,3.28,2.5,2.6,66,0,False,True,False,False,False
518,256,13,276.58,3.58,283.79,3.67,in_progress,0,0,2.5,12,junior,high,medium,126,317.45,3.28,2.5,2.6,66,0,False,True,False,False,False
522,259,13,68.38,1.26,66.91,1.24,completed,0,0,2.8,3,junior,high,low,127,60.88,0.82,4.1,5.0,322,0,False,True,False,False,False
523,259,17,66.76,0.9,59.04,0.8,completed,0,0,2.8,3,junior,high,low,127,60.88,0.82,4.1,5.0,322,0,False,True,False,False,False
524,259,14,88.49,1.25,92.28,1.3,completed,0,0,2.8,3,junior,high,low,127,60.88,0.82,4.1,5.0,322,0,False,True,False,False,False
527,261,19,165.24,1.7,146.41,1.51,completed,0,0,3.7,8,senior,low,medium,128,176.97,1.83,2.7,2.1,52,0,False,False,True,False,False
532,264,15,1105.15,16.08,1151.78,16.76,completed,475,0,2.0,3,junior,medium,low,129,1402.43,20.41,4.3,2.7,102,5,False,False,False,False,True
533,265,6,478.38,5.5,459.5,5.29,in_progress,0,0,4.3,20,senior,medium,low,130,515.91,5.94,4.9,3.1,270,0,False,False,True,False,False
534,266,6,347.08,3.93,333.97,3.78,completed,0,0,2.7,12,senior,low,high,131,257.45,3.84,4.6,2.5,109,0,False,True,False,False,False
535,266,1,260.44,4.58,229.67,4.04,completed,0,0,2.7,12,senior,low,high,131,257.45,3.84,4.6,2.5,109,0,False,True,False,False,False
536,266,17,289.93,4.32,248.58,3.71,completed,0,0,2.7,12,senior,low,high,131,257.45,3.84,4.6,2.5,109,0,False,True,False,False,False
537,267,9,283.3,4.84,254.14,4.34,completed,0,0,4.1,13,junior,medium,medium,132,342.7,3.91,4.9,2.7,70,0,False,True,False,False,False
538,267,11,337.53,3.85,317.35,3.62,completed,0,0,4.1,13,junior,medium,medium,132,342.7,3.91,4.9,2.7,70,0,False,True,False,False,False
548,272,11,360.09,3.76,341.89,3.57,in_progress,0,0,2.0,16,senior,high,medium,133,334.81,3.5,4.0,4.8,302,0,True,False,False,False,False
549,272,16,330.6,5.61,290.12,4.92,in_progress,0,0,2.0,16,senior,high,medium,133,334.81,3.5,4.0,4.8,302,0,True,False,False,False,False
553,274,2,876.95,15.27,913.41,15.9,in_progress,232,29,3.0,8,senior,low,low,134,1086.7,18.92,3.6,4.3,311,4,False,False,False,True,False
554,275,11,1656.1,30.7,1501.4,27.83,completed,435,48,3.9,7,mixed,high,high,135,1609.38,23.95,2.8,3.3,277,2,False,False,False,True,False
555,275,5,1418.88,21.12,1441.9,21.46,completed,435,48,3.9,7,mixed,high,high,135,1609.38,23.95,2.8,3.3,277,2,False,False,False,True,False
557,277,5,437.23,4.98,440.62,5.02,completed,0,0,3.7,20,mixed,low,low,136,380.05,3.87,3.9,2.4,151,0,False,False,True,False,False
558,277,10,384.78,3.92,345.37,3.52,completed,0,0,3.7,20,mixed,low,low,136,380.05,3.87,3.9,2.4,151,0,False,False,True,False,False
559,277,17,494.63,9.08,458.1,8.41,completed,0,0,3.7,20,mixed,low,low,136,380.05,3.87,3.9,2.4,151,0,False,False,True,False,False
563,279,12,967.49,18.03,895.82,16.7,in_progress,466,0,1.2,11,junior,high,low,137,1328.33,18.2,3.9,3.3,332,5,False,False,False,False,True
564,279,5,1337.56,23.66,1193.15,21.11,in_progress,466,0,1.2,11,junior,high,low,137,1328.33,18.2,3.9,3.3,332,5,False,False,False,False,True
565,279,3,1102.57,15.1,1152.6,15.79,in_progress,466,0,1.2,11,junior,high,low,137,1328.33,18.2,3.9,3.3,332,5,False,False,False,False,True
566,280,8,275.73,3.93,279.76,3.99,completed,0,0,3.8,12,mixed,medium,low,138,328.17,4.68,4.4,2.5,270,0,False,True,False,False,False
568,282,17,494.95,7.36,468.98,6.98,in_progress,0,0,2.4,15,junior,high,high,139,453.65,4.68,3.7,2.3,274,0,False,False,True,False,False
569,282,6,424.57,4.37,365.8,3.77,in_progress,0,0,2.4,15,junior,high,high,139,453.65,4.68,3.7,2.3,274,0,False,False,True,False,False
572,285,17,760.86,12.88,769.28,13.03,in_progress,220,0,1.0,14,senior,low,low,140,667.02,10.73,3.8,4.3,194,2,False,False,False,False,True
573,285,18,674.14,12.63,679.4,12.72,in_progress,220,0,1.0,14,senior,low,low,140,667.02,10.73,3.8,4.3,194,2,False,False,False,False,True
574,285,16,570.69,9.18,571.81,9.2,in_progress,220,0,1.0,14,senior,low,low,140,667.02,10.73,3.8,4.3,194,2,False,False,False,False,True
578,287,3,845.1,12.82,735.03,11.15,in_progress,200,31,3.3,3,junior,medium,high,141,754.54,11.45,3.0,4.0,121,3,False,False,False,True,False
579,288,12,297.99,4.38,276.78,4.07,in_progress,0,0,2.9,15,senior,low,medium,142,345.14,5.08,3.1,2.8,188,0,False,True,False,False,False
580,288,3,374.19,6.88,335.99,6.18,in_progress,0,0,2.9,15,senior,low,medium,142,345.14,5.08,3.1,2.8,188,0,False,True,False,False,False
581,288,19,356.68,7.07,321.38,6.37,in_progress,0,0,2.9,15,senior,low,medium,142,345.14,5.08,3.1,2.8,188,0,False,True,False,False,False
582,289,8,571.88,5.81,558.31,5.67,in_progress,288,0,3.5,3,mixed,high,high,143,693.79,7.05,3.2,4.3,101,6,False,False,False,False,True
583,289,9,734.43,14.0,655.84,12.5,in_progress,288,0,3.5,3,mixed,high,high,143,693.79,7.05,3.2,4.3,101,6,False,False,False,False,True
585,291,14,845.4,9.67,817.99,9.36,completed,279,31,2.4,3,mixed,high,low,144,735.17,9.12,2.8,2.1,47,4,False,False,False,True,False
586,291,19,762.85,9.46,672.32,8.34,completed,279,31,2.4,3,mixed,high,low,144,735.17,9.12,2.8,2.1,47,4,False,False,False,True,False
590,293,16,51.46,0.92,45.21,0.81,completed,0,0,4.5,2,mixed,low,medium,145,43.7,0.78,2.9,4.0,329,0,True,False,False,False,False
591,294,10,397.45,7.9,389.45,7.74,completed,0,0,4.8,14,mixed,medium,high,146,316.23,3.43,4.6,3.1,339,0,False,True,False,False,False
592,294,20,309.81,3.35,295.31,3.2,completed,0,0,4.8,14,mixed,medium,high,146,316.23,3.43,4.6,3.1,339,0,False,True,False,False,False
593,295,18,935.49,16.31,903.16,15.75,completed,141,23,1.0,17,senior,low,medium,147,1062.94,13.23,4.6,2.9,52,6,False,False,False,True,False
594,295,20,935.77,15.62,864.16,14.42,completed,141,23,1.0,17,senior,low,medium,147,1062.94,13.23,4.6,2.9,52,6,False,False,False,True,False
595,295,7,1001.13,12.46,1016.43,12.65,completed,141,23,1.0,17,senior,low,medium,147,1062.94,13.23,4.6,2.9,52,6,False,False,False,True,False
596,296,8,953.47,13.85,931.72,13.53,in_progress,495,0,2.5,4,mixed,medium,low,148,739.52,10.45,3.1,2.6,203,2,False,False,False,False,True
597,296,6,821.04,11.52,853.94,11.98,in_progress,495,0,2.5,4,mixed,medium,low,148,739.52,10.45,3.1,2.6,203,2,False,False,False,False,True
598,296,13,748.03,10.58,740.75,10.47,in_progress,495,0,2.5,4,mixed,medium,low,148,739.52,10.45,3.1,2.6,203,2,False,False,False,False,True
599,297,5,1397.95,22.7,1365.38,22.17,in_progress,448,8,3.1,16,junior,medium,medium,149,1311.18,15.31,2.8,3.7,207,5,False,False,False,True,False
600,297,7,1337.53,15.61,1150.39,13.43,in_progress,448,8,3.1,16,junior,medium,medium,149,1311.18,15.31,2.8,3.7,207,5,False,False,False,True,False
601,297,8,1492.24,29.1,1501.39,29.28,in_progress,448,8,3.1,16,junior,medium,medium,149,1311.18,15.31,2.8,3.7,207,5,False,False,False,True,False
602,298,17,102.62,1.95,104.43,1.99,completed,0,0,2.5,5,senior,medium,low,150,124.89,2.38,3.4,4.1,231,0,False,False,True,False,False
603,299,14,1377.84,22.88,1363.56,22.64,completed,377,50,3.6,8,mixed,low,low,151,1261.25,15.22,2.9,3.3,161,5,False,False,False,True,False
604,299,20,1133.26,13.68,1164.8,14.06,completed,377,50,3.6,8,mixed,low,low,151,1261.25,15.22,2.9,3.3,161,5,False,False,False,True,False
611,303,7,357.67,6.78,350.6,6.64,completed,0,0,4.4,17,mixed,low,medium,152,427.81,6.01,3.9,2.5,226,0,False,False,True,False,False
612,303,9,410.89,5.77,403.86,5.67,completed,0,0,4.4,17,mixed,low,medium,152,427.81,6.01,3.9,2.5,226,0,False,False,True,False,False
613,303,20,407.83,7.16,365.99,6.43,completed,0,0,4.4,17,mixed,low,medium,152,427.81,6.01,3.9,2.5,226,0,False,False,True,False,False
614,304,19,109.73,1.78,114.18,1.85,in_progress,0,0,4.8,5,junior,low,low,153,110.67,1.46,2.9,2.4,142,0,False,False,True,False,False
615,304,9,103.73,1.37,107.16,1.41,in_progress,0,0,4.8,5,junior,low,low,153,110.67,1.46,2.9,2.4,142,0,False,False,True,False,False
616,305,6,467.26,6.0,429.4,5.52,completed,149,9,4.1,2,senior,low,high,154,449.93,5.78,3.4,4.7,110,5,False,False,False,True,False
617,305,11,514.26,7.18,470.54,6.57,completed,149,9,4.1,2,senior,low,high,154,449.93,5.78,3.4,4.7,110,5,False,False,False,True,False
618,305,13,397.07,6.47,375.53,6.12,completed,149,9,4.1,2,senior,low,high,154,449.93,5.78,3.4,4.7,110,5,False,False,False,True,False
619,306,3,172.91,2.37,147.98,2.03,completed,0,0,3.3,7,mixed,medium,low,155,148.78,1.58,3.3,4.6,343,0,False,False,True,False,False
620,306,19,162.03,1.72,152.98,1.62,completed,0,0,3.3,7,mixed,medium,low,155,148.78,1.58,3.3,4.6,343,0,False,False,True,False,False
621,307,11,198.11,2.16,203.96,2.22,completed,0,0,2.9,11,mixed,low,low,156,210.29,2.29,4.3,4.2,313,0,False,False,True,False,False
622,307,2,280.14,3.56,247.67,3.15,completed,0,0,2.9,11,mixed,low,low,156,210.29,2.29,4.3,4.2,313,0,False,False,True,False,False
623,307,7,274.08,3.83,275.2,3.84,completed,0,0,2.9,11,mixed,low,low,156,210.29,2.29,4.3,4.2,313,0,False,False,True,False,False
625,309,17,797.53,15.49,770.98,14.97,in_progress,189,0,2.6,14,junior,low,high,157,856.17,13.79,3.8,3.4,316,6,False,False,False,False,True
626,309,2,708.7,11.42,706.35,11.38,in_progress,189,0,2.6,14,junior,low,high,157,856.17,13.79,3.8,3.4,316,6,False,False,False,False,True
627,309,6,989.9,16.78,1026.1,17.4,in_progress,189,0,2.6,14,junior,low,high,157,856.17,13.79,3.8,3.4,316,6,False,False,False,False,True
628,310,9,88.82,1.41,85.13,1.35,in_progress,0,0,4.8,4,junior,high,medium,158,85.67,1.36,3.4,4.1,195,0,False,False,True,False,False
629,310,16,111.43,2.0,99.22,1.78,in_progress,0,0,4.8,4,junior,high,medium,158,85.67,1.36,3.4,4.1,195,0,False,False,True,False,False
630,310,14,106.17,2.06,92.41,1.79,in_progress,0,0,4.8,4,junior,high,medium,158,85.67,1.36,3.4,4.1,195,0,False,False,True,False,False
632,312,1,1085.59,14.03,1024.88,13.25,completed,234,12,1.9,19,mixed,high,medium,159,995.85,12.87,3.0,5.0,225,3,False,False,False,True,False
633,313,11,236.02,3.66,242.21,3.75,in_progress,0,0,3.7,8,junior,low,low,160,244.94,3.79,4.0,4.0,245,0,True,False,False,False,False
634,314,20,378.48,5.05,381.99,5.1,completed,0,0,2.6,13,junior,low,medium,161,318.18,4.57,3.8,3.0,241,0,False,False,True,False,False
635,314,9,327.23,4.71,283.17,4.07,completed,0,0,2.6,13,junior,low,medium,161,318.18,4.57,3.8,3.0,241,0,False,False,True,False,False
636,315,19,878.89,15.54,852.52,15.07,completed,339,0,4.2,14,mixed,low,medium,162,927.44,16.39,3.3,4.6,121,3,False,False,False,False,True
637,316,17,152.61,1.93,134.61,1.7,in_progress,0,0,4.6,6,junior,low,low,163,141.5,1.79,3.9,4.1,354,0,False,True,False,False,False
638,317,7,795.04,12.44,692.98,10.85,completed,260,0,1.5,14,junior,low,medium,164,816.66,12.79,4.7,3.6,177,6,False,False,False,False,True
639,317,20,936.79,14.22,970.22,14.72,completed,260,0,1.5,14,junior,low,medium,164,816.66,12.79,4.7,3.6,177,6,False,False,False,False,True
642,319,15,791.99,8.29,799.24,8.37,completed,162,1,4.7,13,mixed,low,high,165,923.92,9.68,3.5,3.7,73,4,False,False,False,True,False
643,319,20,687.42,11.04,622.29,10.0,completed,162,1,4.7,13,mixed,low,high,165,923.92,9.68,3.5,3.7,73,4,False,False,False,True,False
644,320,11,557.92,10.23,573.04,10.5,completed,149,1,1.5,13,senior,medium,medium,166,502.65,5.62,2.6,2.8,280,6,False,False,False,True,False
645,320,8,556.14,6.22,505.8,5.66,completed,149,1,1.5,13,senior,medium,medium,166,502.65,5.62,2.6,2.8,280,6,False,False,False,True,False
646,321,3,149.09,2.67,143.12,2.56,completed,0,0,3.8,8,senior,high,low,167,152.74,2.62,3.8,2.7,100,0,False,False,True,False,False
647,321,19,160.15,2.75,148.38,2.55,completed,0,0,3.8,8,senior,high,low,167,152.74,2.62,3.8,2.7,100,0,False,False,True,False,False
648,321,18,159.0,2.92,161.19,2.96,completed,0,0,3.8,8,senior,high,low,167,152.74,2.62,3.8,2.7,100,0,False,False,True,False,False
649,322,16,1753.27,28.13,1747.54,28.03,completed,272,33,1.5,20,senior,medium,high,168,1485.08,16.95,3.3,4.9,136,3,False,False,False,True,False
650,322,10,1515.39,21.25,1410.96,19.79,completed,272,33,1.5,20,senior,medium,high,168,1485.08,16.95,3.3,4.9,136,3,False,False,False,True,False
651,322,14,1306.71,14.91,1241.75,14.17,completed,272,33,1.5,20,senior,medium,high,168,1485.08,16.95,3.3,4.9,136,3,False,False,False,True,False
657,325,9,860.41,8.81,746.52,7.64,in_progress,204,7,3.2,13,junior,medium,low,169,796.38,8.15,4.7,4.8,314,6,False,False,False,True,False
658,325,13,944.07,16.14,944.37,16.14,in_progress,204,7,3.2,13,junior,medium,low,169,796.38,8.15,4.7,4.8,314,6,False,False,False,True,False
659,325,15,730.14,10.7,707.52,10.37,in_progress,204,7,3.2,13,junior,medium,low,169,796.38,8.15,4.7,4.8,314,6,False,False,False,True,False
663,327,1,245.86,4.14,224.04,3.78,in_progress,0,0,1.0,10,mixed,medium,high,170,246.67,4.16,4.9,4.1,338,0,False,True,False,False,False
664,327,13,304.68,4.14,319.39,4.34,in_progress,0,0,1.0,10,mixed,medium,high,170,246.67,4.16,4.9,4.1,338,0,False,True,False,False,False
665,327,6,251.87,5.03,257.79,5.15,in_progress,0,0,1.0,10,mixed,medium,high,170,246.67,4.16,4.9,4.1,338,0,False,True,False,False,False
668,329,15,434.25,6.13,448.7,6.34,completed,0,0,2.4,17,mixed,low,high,171,414.99,7.36,2.9,2.9,336,0,False,False,True,False,False
669,329,7,381.4,6.76,334.85,5.94,completed,0,0,2.4,17,mixed,low,high,171,414.99,7.36,2.9,2.9,336,0,False,False,True,False,False
673,331,18,456.21,6.56,412.02,5.93,in_progress,0,0,4.6,20,mixed,low,medium,172,404.83,5.83,3.9,4.9,138,0,True,False,False,False,False
674,331,20,370.31,6.3,351.46,5.98,in_progress,0,0,4.6,20,mixed,low,medium,172,404.83,5.83,3.9,4.9,138,0,True,False,False,False,False
675,331,11,486.55,6.95,473.25,6.76,in_progress,0,0,4.6,20,mixed,low,medium,172,404.83,5.83,3.9,4.9,138,0,True,False,False,False,False
679,333,12,270.73,4.19,252.82,3.91,completed,0,0,1.8,12,mixed,high,low,173,256.02,3.96,3.3,3.2,353,0,True,False,False,False,False
681,335,13,426.68,7.8,415.85,7.6,in_progress,0,0,2.7,19,senior,medium,low,174,331.05,4.3,3.4,3.3,189,0,True,False,False,False,False
682,335,11,359.84,4.68,330.68,4.3,in_progress,0,0,2.7,19,senior,medium,low,174,331.05,4.3,3.4,3.3,189,0,True,False,False,False,False
683,335,7,448.82,4.95,394.11,4.35,in_progress,0,0,2.7,19,senior,medium,low,174,331.05,4.3,3.4,3.3,189,0,True,False,False,False,False
691,340,3,946.18,10.65,879.52,9.9,in_progress,336,0,4.8,13,mixed,low,high,175,1078.08,12.13,4.7,3.5,284,4,False,False,False,False,True
692,340,8,967.66,16.1,970.9,16.15,in_progress,336,0,4.8,13,mixed,low,high,175,1078.08,12.13,4.7,3.5,284,4,False,False,False,False,True
698,344,4,314.23,3.91,327.46,4.07,completed,0,0,2.5,12,junior,medium,low,176,385.79,4.8,3.0,2.9,361,0,True,False,False,False,False
699,344,20,323.52,5.83,298.8,5.38,completed,0,0,2.5,12,junior,medium,low,176,385.79,4.8,3.0,2.9,361,0,True,False,False,False,False
700,344,15,298.99,4.24,296.52,4.2,completed,0,0,2.5,12,junior,medium,low,176,385.79,4.8,3.0,2.9,361,0,True,False,False,False,False
701,345,18,353.03,3.63,346.24,3.56,in_progress,0,0,4.3,14,mixed,low,medium,177,386.75,3.98,3.4,4.5,89,0,True,False,False,False,False
702,345,15,258.17,4.48,233.72,4.06,in_progress,0,0,4.3,14,mixed,low,medium,177,386.75,3.98,3.4,4.5,89,0,True,False,False,False,False
703,346,17,1205.23,14.29,1120.27,13.28,completed,342,20,1.1,18,senior,high,medium,178,1301.68,15.53,3.3,3.0,255,5,False,False,False,True,False
704,346,6,1251.68,25.03,1282.11,25.64,completed,342,20,1.1,18,senior,high,medium,178,1301.68,15.53,3.3,3.0,255,5,False,False,False,True,False
705,346,13,1240.21,14.8,1073.36,12.81,completed,342,20,1.1,18,senior,high,medium,178,1301.68,15.53,3.3,3.0,255,5,False,False,False,True,False
706,347,12,528.32,6.94,468.73,6.16,in_progress,144,0,4.7,10,junior,low,medium,179,475.35,6.25,4.8,2.7,73,2,False,False,False,False,True
707,348,11,1313.56,26.12,1172.48,23.31,in_progress,429,16,1.8,3,mixed,medium,high,180,1238.81,24.63,4.6,2.6,225,4,False,False,False,True,False
716,352,17,137.66,2.02,123.28,1.81,in_progress,0,0,2.0,5,senior,medium,high,181,158.79,1.73,3.3,5.0,157,0,True,False,False,False,False
717,352,15,154.11,1.68,143.39,1.56,in_progress,0,0,2.0,5,senior,medium,high,181,158.79,1.73,3.3,5.0,157,0,True,False,False,False,False
718,353,12,934.44,15.65,795.61,13.33,in_progress,116,27,1.3,18,senior,medium,high,182,1014.14,13.67,3.6,4.5,153,6,False,False,False,True,False
719,353,3,973.11,13.12,857.37,11.56,in_progress,116,27,1.3,18,senior,medium,high,182,1014.14,13.67,3.6,4.5,153,6,False,False,False,True,False
720,354,9,210.05,4.16,219.23,4.34,completed,0,0,3.6,9,junior,low,medium,183,217.29,4.3,4.6,3.0,286,0,False,False,True,False,False
724,356,11,137.99,1.83,128.79,1.71,in_progress,0,0,4.7,4,junior,medium,high,184,154.27,2.05,3.0,4.2,147,0,False,True,False,False,False
730,359,13,100.44,1.64,97.16,1.59,in_progress,0,0,3.2,4,senior,low,low,185,119.05,1.95,3.0,3.3,320,0,False,False,True,False,False
731,360,11,322.77,4.86,321.19,4.84,in_progress,0,0,3.1,14,mixed,low,medium,186,403.51,4.4,3.9,4.5,46,0,True,False,False,False,False
732,360,10,362.64,3.95,374.92,4.09,in_progress,0,0,3.1,14,mixed,low,medium,186,403.51,4.4,3.9,4.5,46,0,True,False,False,False,False
734,362,9,227.61,3.06,225.47,3.03,completed,49,0,3.1,4,junior,low,high,187,282.74,3.11,2.7,4.1,282,6,False,False,False,False,True
735,362,16,233.43,2.57,243.49,2.68,completed,49,0,3.1,4,junior,low,high,187,282.74,3.11,2.7,4.1,282,6,False,False,False,False,True
737,364,11,61.25,1.16,53.5,1.01,in_progress,0,0,1.4,3,mixed,medium,low,188,71.97,0.76,4.2,2.6,140,0,False,True,False,False,False
738,364,20,66.94,0.71,69.04,0.73,in_progress,0,0,1.4,3,mixed,medium,low,188,71.97,0.76,4.2,2.6,140,0,False,True,False,False,False
742,366,3,858.99,15.26,855.25,15.19,completed,155,32,2.6,11,junior,low,low,189,1098.91,11.59,3.0,3.7,359,6,False,False,False,True,False
743,366,13,1028.06,10.84,1077.24,11.36,completed,155,32,2.6,11,junior,low,low,189,1098.91,11.59,3.0,3.7,359,6,False,False,False,True,False
744,366,20,1105.02,13.4,1075.1,13.04,completed,155,32,2.6,11,junior,low,low,189,1098.91,11.59,3.0,3.7,359,6,False,False,False,True,False
745,367,4,1294.94,23.13,1309.18,23.38,in_progress,491,44,1.1,11,senior,low,low,190,1283.1,22.91,4.7,2.5,204,4,False,False,False,True,False
746,367,6,1615.17,24.18,1666.37,24.94,in_progress,491,44,1.1,11,senior,low,low,190,1283.1,22.91,4.7,2.5,204,4,False,False,False,True,False
747,367,20,1532.02,26.45,1468.68,25.36,in_progress,491,44,1.1,11,senior,low,low,190,1283.1,22.91,4.7,2.5,204,4,False,False,False,True,False
756,372,3,180.85,2.54,169.55,2.38,in_progress,0,0,3.5,9,senior,medium,medium,191,156.51,1.86,3.2,3.2,232,0,False,False,True,False,False
757,372,12,189.81,2.33,182.99,2.25,in_progress,0,0,3.5,9,senior,medium,medium,191,156.51,1.86,3.2,3.2,232,0,False,False,True,False,False
758,372,17,173.99,2.07,156.33,1.86,in_progress,0,0,3.5,9,senior,medium,medium,191,156.51,1.86,3.2,3.2,232,0,False,False,True,False,False
762,374,12,311.96,5.37,284.48,4.9,completed,0,0,2.7,11,senior,medium,high,192,321.03,5.53,3.7,2.6,145,0,True,False,False,False,False
763,375,5,489.24,8.92,507.1,9.25,in_progress,0,0,4.0,19,mixed,low,high,193,572.19,10.44,2.6,4.0,295,0,False,False,True,False,False
764,376,5,662.45,7.47,643.36,7.25,completed,233,0,4.7,8,senior,low,high,194,725.12,8.36,4.3,4.0,180,5,False,False,False,False,True
765,376,12,602.73,9.12,542.13,8.2,completed,233,0,4.7,8,senior,low,high,194,725.12,8.36,4.3,4.0,180,5,False,False,False,False,True
766,376,15,705.24,8.13,599.64,6.91,completed,233,0,4.7,8,senior,low,high,194,725.12,8.36,4.3,4.0,180,5,False,False,False,False,True
767,377,10,853.51,16.18,828.12,15.7,in_progress,164,17,3.9,20,senior,low,low,195,1373.02,17.46,3.9,3.5,300,3,False,False,False,True,False
768,377,20,1034.74,19.63,956.43,18.14,in_progress,164,17,3.9,20,senior,low,low,195,1373.02,17.46,3.9,3.5,300,3,False,False,False,True,False
769,377,18,1057.71,13.44,1102.79,14.02,in_progress,164,17,3.9,20,senior,low,low,195,1373.02,17.46,3.9,3.5,300,3,False,False,False,True,False
770,378,11,229.55,4.17,227.46,4.13,completed,0,0,1.3,12,mixed,high,low,196,276.46,5.02,3.5,2.1,66,0,False,False,True,False,False
772,380,2,77.4,1.0,77.06,1.0,completed,0,0,3.3,3,senior,low,low,197,82.06,1.06,4.8,2.5,234,0,False,True,False,False,False
785,387,12,263.09,4.06,223.66,3.45,in_progress,0,0,3.9,8,junior,medium,high,198,279.28,4.31,4.8,3.5,46,0,False,True,False,False,False
786,387,6,269.42,4.28,239.08,3.8,in_progress,0,0,3.9,8,junior,medium,high,198,279.28,4.31,4.8,3.5,46,0,False,True,False,False,False
787,387,4,250.99,3.95,249.84,3.93,in_progress,0,0,3.9,8,junior,medium,high,198,279.28,4.31,4.8,3.5,46,0,False,True,False,False,False
791,389,16,433.11,5.86,383.39,5.18,completed,0,0,1.6,16,junior,medium,medium,199,424.74,5.74,3.5,2.8,71,0,True,False,False,False,False
795,391,2,347.49,5.77,314.49,5.22,in_progress,0,0,2.9,14,junior,medium,medium,200,363.72,6.11,3.8,2.6,281,0,True,False,False,False,False
796,391,4,305.39,5.13,299.3,5.03,in_progress,0,0,2.9,14,junior,medium,medium,200,363.72,6.11,3.8,2.6,281,0,True,False,False,False,False
800,394,20,383.64,5.31,362.82,5.02,in_progress,0,0,3.9,19,mixed,high,medium,201,389.97,4.53,4.5,4.5,272,0,True,False,False,False,False
801,394,9,360.85,4.19,368.55,4.28,in_progress,0,0,3.9,19,mixed,high,medium,201,389.97,4.53,4.5,4.5,272,0,True,False,False,False,False
807,397,18,259.68,3.99,257.66,3.96,in_progress,0,0,1.1,12,senior,high,medium,202,300.63,3.34,4.3,2.9,346,0,True,False,False,False,False
808,397,10,285.58,4.94,281.16,4.86,in_progress,0,0,1.1,12,senior,high,medium,202,300.63,3.34,4.3,2.9,346,0,True,False,False,False,False
809,397,3,271.44,3.01,243.31,2.7,in_progress,0,0,1.1,12,senior,high,medium,202,300.63,3.34,4.3,2.9,346,0,True,False,False,False,False
810,398,7,145.29,2.33,143.61,2.31,completed,0,0,3.4,7,junior,high,low,203,169.09,2.72,2.8,3.9,139,0,False,True,False,False,False
813,401,20,349.55,5.33,345.04,5.26,in_progress,0,0,3.3,16,junior,high,medium,204,407.91,6.22,3.7,2.7,219,0,False,True,False,False,False
816,403,9,774.79,14.38,659.78,12.24,completed,106,27,1.3,7,senior,medium,high,205,817.05,15.16,3.2,4.2,312,6,False,False,False,True,False
817,403,14,855.61,14.95,883.07,15.43,completed,106,27,1.3,7,senior,medium,high,205,817.05,15.16,3.2,4.2,312,6,False,False,False,True,False
818,403,18,841.56,15.81,739.25,13.89,completed,106,27,1.3,7,senior,medium,high,205,817.05,15.16,3.2,4.2,312,6,False,False,False,True,False
822,406,16,308.24,5.74,303.67,5.66,completed,0,0,1.1,11,junior,low,low,206,369.34,6.88,4.4,4.0,95,0,True,False,False,False,False
823,407,12,1375.67,26.09,1295.0,24.56,completed,488,0,2.2,19,mixed,high,low,207,1592.89,15.98,3.9,3.3,134,2,False,False,False,False,True
824,407,16,1290.34,12.95,1317.87,13.22,completed,488,0,2.2,19,mixed,high,low,207,1592.89,15.98,3.9,3.3,134,2,False,False,False,False,True
825,407,13,1270.28,24.24,1147.56,21.9,completed,488,0,2.2,19,mixed,high,low,207,1592.89,15.98,3.9,3.3,134,2,False,False,False,False,True
829,409,15,263.81,4.43,275.41,4.63,completed,0,0,4.2,14,mixed,medium,low,208,273.04,4.59,3.1,3.4,175,0,False,True,False,False,False
830,409,3,357.47,5.73,306.06,4.91,completed,0,0,4.2,14,mixed,medium,low,208,273.04,4.59,3.1,3.4,175,0,False,True,False,False,False
831,410,9,1009.97,14.08,971.81,13.55,in_progress,449,25,4.9,3,mixed,high,medium,209,1006.5,14.03,3.2,4.0,153,2,False,False,False,True,False
835,412,13,1308.45,18.95,1362.39,19.73,completed,355,0,4.0,20,junior,high,high,210,1287.96,14.46,3.3,4.6,40,4,False,False,False,False,True
836,412,8,1246.98,13.99,1124.42,12.62,completed,355,0,4.0,20,junior,high,high,210,1287.96,14.46,3.3,4.6,40,4,False,False,False,False,True
837,413,5,278.52,4.04,256.47,3.72,completed,51,0,1.2,9,junior,high,low,211,269.93,3.92,3.4,3.5,153,5,False,False,False,False,True
838,414,17,336.37,5.75,311.29,5.32,in_progress,0,0,4.6,12,mixed,low,high,212,350.81,6.0,3.2,4.7,348,0,False,True,False,False,False
839,414,10,309.74,5.81,322.47,6.05,in_progress,0,0,4.6,12,mixed,low,high,212,350.81,6.0,3.2,4.7,348,0,False,True,False,False,False
843,416,5,154.64,2.61,141.8,2.39,completed,0,0,4.0,5,senior,medium,high,213,155.08,2.61,4.3,2.2,127,0,False,True,False,False,False
845,418,19,257.21,4.32,245.5,4.12,in_progress,0,0,4.8,12,junior,medium,medium,214,244.39,4.1,4.1,4.9,249,0,False,False,True,False,False
846,418,14,350.19,5.86,365.66,6.11,in_progress,0,0,4.8,12,junior,medium,medium,214,244.39,4.1,4.1,4.9,249,0,False,False,True,False,False
849,421,11,819.97,8.97,814.05,8.91,in_progress,121,19,2.1,17,mixed,low,high,215,1006.54,11.02,3.0,2.7,264,3,False,False,False,True,False
853,423,13,637.66,11.37,613.65,10.94,in_progress,269,0,3.2,5,senior,high,low,216,695.83,7.13,2.6,3.9,209,4,False,False,False,False,True
854,423,7,602.1,7.51,529.03,6.6,in_progress,269,0,3.2,5,senior,high,low,216,695.83,7.13,2.6,3.9,209,4,False,False,False,False,True
855,423,8,610.34,6.25,625.85,6.41,in_progress,269,0,3.2,5,senior,high,low,216,695.83,7.13,2.6,3.9,209,4,False,False,False,False,True
859,426,11,181.41,3.25,163.37,2.93,completed,0,0,2.5,9,senior,medium,medium,217,202.49,3.63,4.1,4.8,68,0,False,True,False,False,False
860,426,4,169.27,3.34,149.26,2.95,completed,0,0,2.5,9,senior,medium,medium,217,202.49,3.63,4.1,4.8,68,0,False,True,False,False,False
861,426,20,190.23,3.59,194.59,3.67,completed,0,0,2.5,9,senior,medium,medium,217,202.49,3.63,4.1,4.8,68,0,False,True,False,False,False
865,429,7,510.9,8.83,512.5,8.86,completed,0,0,1.3,17,junior,low,high,218,757.72,8.13,3.2,3.9,222,0,True,False,False,False,False
866,429,5,607.46,6.52,622.53,6.68,completed,0,0,1.3,17,junior,low,high,218,757.72,8.13,3.2,3.9,222,0,True,False,False,False,False
867,429,14,595.45,11.52,556.48,10.77,completed,0,0,1.3,17,junior,low,high,218,757.72,8.13,3.2,3.9,222,0,True,False,False,False,False
871,431,3,196.33,3.87,178.3,3.51,in_progress,0,0,2.4,10,senior,medium,medium,219,191.27,3.77,2.5,3.2,36,0,False,True,False,False,False
872,432,12,188.0,2.49,186.97,2.48,in_progress,0,0,2.7,9,senior,low,low,220,214.11,2.84,2.9,3.3,127,0,False,True,False,False,False
883,438,16,893.34,14.26,886.07,14.14,completed,91,42,3.4,14,mixed,high,low,221,892.65,10.04,4.3,2.8,87,6,False,False,False,True,False
884,438,4,1044.77,11.76,934.01,10.51,completed,91,42,3.4,14,mixed,high,low,221,892.65,10.04,4.3,2.8,87,6,False,False,False,True,False
885,439,9,162.38,2.26,167.87,2.34,completed,0,0,1.5,8,senior,high,low,222,169.53,2.25,4.9,3.5,199,0,False,False,True,False,False
886,439,4,169.83,2.26,155.89,2.07,completed,0,0,1.5,8,senior,high,low,222,169.53,2.25,4.9,3.5,199,0,False,False,True,False,False
888,441,14,56.74,0.95,51.37,0.86,completed,0,0,1.8,3,mixed,medium,medium,223,59.85,0.68,4.0,4.3,209,0,True,False,False,False,False
889,441,7,55.72,0.63,49.03,0.56,completed,0,0,1.8,3,mixed,medium,medium,223,59.85,0.68,4.0,4.3,209,0,True,False,False,False,False
890,441,16,66.53,0.77,58.91,0.68,completed,0,0,1.8,3,mixed,medium,medium,223,59.85,0.68,4.0,4.3,209,0,True,False,False,False,False
897,446,6,128.59,1.35,115.72,1.22,in_progress,0,0,3.5,6,senior,medium,medium,224,121.61,1.28,4.9,2.0,60,0,True,False,False,False,False
898,446,2,114.64,1.67,100.81,1.47,in_progress,0,0,3.5,6,senior,medium,medium,224,121.61,1.28,4.9,2.0,60,0,True,False,False,False,False
899,446,15,109.19,1.32,103.56,1.25,in_progress,0,0,3.5,6,senior,medium,medium,224,121.61,1.28,4.9,2.0,60,0,True,False,False,False,False
900,447,10,381.3,4.95,341.39,4.43,completed,0,0,1.6,17,mixed,high,high,225,326.16,4.23,3.9,3.3,285,0,False,True,False,False,False
901,448,1,888.16,17.05,769.48,14.78,in_progress,459,0,1.6,2,mixed,high,low,226,1023.9,16.63,3.8,3.6,229,3,False,False,False,False,True
902,448,4,918.82,14.92,831.74,13.51,in_progress,459,0,1.6,2,mixed,high,low,226,1023.9,16.63,3.8,3.6,229,3,False,False,False,False,True
904,450,10,82.9,1.57,71.58,1.35,in_progress,10,0,4.3,3,senior,low,medium,227,77.41,1.46,3.7,5.0,103,4,False,False,False,False,True
905,450,20,91.73,1.34,93.54,1.37,in_progress,10,0,4.3,3,senior,low,medium,227,77.41,1.46,3.7,5.0,103,4,False,False,False,False,True
906,451,13,185.06,1.99,188.47,2.03,completed,0,0,3.9,9,senior,high,low,228,187.99,2.02,3.9,3.7,104,0,False,True,False,False,False
917,456,14,921.26,13.72,833.33,12.41,completed,69,22,2.7,16,mixed,medium,high,229,896.03,13.34,4.5,2.5,299,2,False,False,False,True,False
918,457,14,1013.73,17.49,1000.45,17.26,in_progress,276,18,1.6,7,junior,medium,low,230,1043.86,18.01,4.5,3.0,94,4,False,False,False,True,False
919,457,8,1067.61,20.45,928.97,17.8,in_progress,276,18,1.6,7,junior,medium,low,230,1043.86,18.01,4.5,3.0,94,4,False,False,False,True,False
920,458,9,342.56,3.73,355.49,3.87,in_progress,0,0,3.6,15,mixed,high,low,231,346.82,3.78,3.4,2.1,158,0,True,False,False,False,False
921,458,3,324.6,5.66,326.84,5.69,in_progress,0,0,3.6,15,mixed,high,low,231,346.82,3.78,3.4,2.1,158,0,True,False,False,False,False
922,458,14,292.21,4.32,300.53,4.44,in_progress,0,0,3.6,15,mixed,high,low,231,346.82,3.78,3.4,2.1,158,0,True,False,False,False,False
923,459,3,103.89,1.51,107.42,1.56,in_progress,0,0,3.3,4,junior,medium,low,232,105.61,1.21,4.5,2.5,87,0,True,False,False,False,False
924,459,15,99.75,1.38,102.53,1.42,in_progress,0,0,3.3,4,junior,medium,low,232,105.61,1.21,4.5,2.5,87,0,True,False,False,False,False
925,459,18,107.34,1.23,102.71,1.18,in_progress,0,0,3.3,4,junior,medium,low,232,105.61,1.21,4.5,2.5,87,0,True,False,False,False,False
926,460,11,245.34,4.59,240.22,4.49,in_progress,0,0,3.7,8,senior,medium,high,233,255.9,3.1,4.9,2.3,151,0,False,False,True,False,False
927,460,3,232.15,2.82,207.19,2.51,in_progress,0,0,3.7,8,senior,medium,high,233,255.9,3.1,4.9,2.3,151,0,False,False,True,False,False
928,461,3,570.8,7.76,575.16,7.82,in_progress,167,0,1.7,9,junior,high,medium,234,510.97,7.08,4.0,4.5,131,5,False,False,False,False,True
929,461,13,510.51,7.07,434.5,6.02,in_progress,167,0,1.7,9,junior,high,medium,234,510.97,7.08,4.0,4.5,131,5,False,False,False,False,True
933,463,3,615.76,6.92,548.18,6.16,in_progress,234,12,1.8,5,mixed,high,medium,235,528.0,5.93,3.8,3.6,155,6,False,False,False,True,False
934,463,19,521.86,10.12,493.51,9.57,in_progress,234,12,1.8,5,mixed,high,medium,235,528.0,5.93,3.8,3.6,155,6,False,False,False,True,False
935,463,5,588.68,7.56,607.08,7.8,in_progress,234,12,1.8,5,mixed,high,medium,235,528.0,5.93,3.8,3.6,155,6,False,False,False,True,False
936,464,9,802.36,11.01,741.53,10.18,completed,145,0,4.1,20,junior,low,medium,236,749.11,10.28,4.3,3.4,116,6,False,False,False,False,True
940,466,4,221.9,4.2,192.62,3.65,in_progress,0,0,1.8,10,mixed,low,low,237,209.83,2.43,2.9,3.4,110,0,True,False,False,False,False
941,466,16,202.5,2.34,180.52,2.09,in_progress,0,0,1.8,10,mixed,low,low,237,209.83,2.43,2.9,3.4,110,0,True,False,False,False,False
942,466,12,212.25,2.47,209.7,2.44,in_progress,0,0,1.8,10,mixed,low,low,237,209.83,2.43,2.9,3.4,110,0,True,False,False,False,False
943,467,14,1350.26,19.56,1185.07,17.17,completed,490,28,1.4,11,senior,low,high,238,1248.89,18.09,2.8,2.5,216,5,False,False,False,True,False
944,467,20,1355.26,24.9,1299.9,23.88,completed,490,28,1.4,11,senior,low,high,238,1248.89,18.09,2.8,2.5,216,5,False,False,False,True,False
945,468,16,149.29,1.78,147.8,1.77,completed,0,0,4.7,7,senior,medium,low,239,179.14,2.15,4.1,4.7,174,0,True,False,False,False,False
946,468,4,132.38,1.71,137.6,1.78,completed,0,0,4.7,7,senior,medium,low,239,179.14,2.15,4.1,4.7,174,0,True,False,False,False,False
947,468,15,170.68,2.24,150.42,1.97,completed,0,0,4.7,7,senior,medium,low,239,179.14,2.15,4.1,4.7,174,0,True,False,False,False,False
948,469,16,599.08,8.43,628.8,8.85,completed,80,20,1.9,4,mixed,high,high,240,744.69,10.48,2.8,3.0,82,4,False,False,False,True,False
950,471,8,391.72,7.04,394.27,7.09,completed,0,0,2.1,16,mixed,high,low,241,347.74,5.29,3.5,2.9,104,0,False,False,True,False,False
951,471,14,312.32,4.75,307.02,4.67,completed,0,0,2.1,16,mixed,high,low,241,347.74,5.29,3.5,2.9,104,0,False,False,True,False,False
952,472,17,881.08,14.21,824.06,13.29,completed,387,0,4.0,8,senior,medium,low,242,954.86,14.24,3.0,4.6,268,2,False,False,False,False,True
953,472,8,909.22,13.56,828.8,12.36,completed,387,0,4.0,8,senior,medium,low,242,954.86,14.24,3.0,4.6,268,2,False,False,False,False,True
954,473,3,542.8,7.7,551.79,7.82,completed,154,0,3.7,7,junior,high,low,243,427.87,8.2,2.5,2.4,51,6,False,False,False,False,True
955,473,12,392.48,7.52,351.19,6.73,completed,154,0,3.7,7,junior,high,low,243,427.87,8.2,2.5,2.4,51,6,False,False,False,False,True
956,473,13,467.69,7.25,474.92,7.36,completed,154,0,3.7,7,junior,high,low,243,427.87,8.2,2.5,2.4,51,6,False,False,False,False,True
959,475,18,603.83,7.0,629.21,7.29,in_progress,249,0,4.5,4,junior,low,high,244,538.82,5.6,3.3,4.2,99,3,False,False,False,False,True
960,475,14,778.94,9.34,665.89,7.98,in_progress,249,0,4.5,4,junior,low,high,244,538.82,5.6,3.3,4.2,99,3,False,False,False,False,True
961,475,13,608.62,6.32,530.48,5.51,in_progress,249,0,4.5,4,junior,low,high,244,538.82,5.6,3.3,4.2,99,3,False,False,False,False,True
965,477,4,381.33,6.54,377.24,6.47,completed,70,0,2.4,7,junior,low,high,245,376.4,6.46,2.9,3.0,44,4,False,False,False,False,True
966,478,15,469.23,8.97,420.18,8.03,in_progress,0,0,4.7,18,senior,medium,high,246,504.95,5.37,3.6,2.7,195,0,True,False,False,False,False
967,478,13,432.87,4.6,450.19,4.79,in_progress,0,0,4.7,18,senior,medium,high,246,504.95,5.37,3.6,2.7,195,0,True,False,False,False,False
968,479,13,564.58,8.58,584.11,8.88,in_progress,232,0,4.1,9,junior,medium,low,247,586.74,9.01,4.2,3.3,146,6,False,False,False,False,True
969,479,6,659.8,11.15,628.36,10.62,in_progress,232,0,4.1,9,junior,medium,low,247,586.74,9.01,4.2,3.3,146,6,False,False,False,False,True
970,479,8,598.29,9.19,574.18,8.82,in_progress,232,0,4.1,9,junior,medium,low,247,586.74,9.01,4.2,3.3,146,6,False,False,False,False,True
972,481,10,259.9,4.96,264.7,5.05,completed,47,0,2.4,6,senior,low,high,248,304.9,5.71,3.5,2.3,113,2,False,False,False,False,True
973,481,12,268.28,5.02,245.24,4.59,completed,47,0,2.4,6,senior,low,high,248,304.9,5.71,3.5,2.3,113,2,False,False,False,False,True
974,482,12,458.8,4.73,407.63,4.2,in_progress,105,0,3.1,14,junior,low,medium,249,446.48,4.6,3.2,4.3,315,2,False,False,False,False,True
975,482,4,647.2,7.89,641.56,7.82,in_progress,105,0,3.1,14,junior,low,medium,249,446.48,4.6,3.2,4.3,315,2,False,False,False,False,True
976,483,16,827.62,16.0,735.92,14.23,in_progress,408,0,5.0,2,mixed,low,medium,250,857.89,16.59,2.6,4.9,363,3,False,False,False,False,True
977,483,18,783.64,15.13,758.84,14.65,in_progress,408,0,5.0,2,mixed,low,medium,250,857.89,16.59,2.6,4.9,363,3,False,False,False,False,True
980,485,19,674.42,10.43,679.52,10.51,completed,309,0,1.3,6,mixed,medium,high,251,837.45,9.07,4.6,4.3,124,4,False,False,False,False,True
981,485,1,684.91,7.41,690.02,7.47,completed,309,0,1.3,6,mixed,medium,high,251,837.45,9.07,4.6,4.3,124,4,False,False,False,False,True
990,490,3,380.78,5.09,326.6,4.37,completed,0,0,2.1,16,junior,low,low,252,402.31,5.38,3.0,3.8,301,0,False,False,True,False,False
994,492,16,115.55,1.77,120.36,1.85,completed,0,0,1.8,5,mixed,medium,low,253,122.89,1.99,3.1,4.3,359,0,False,True,False,False,False
995,492,19,122.53,2.11,108.72,1.87,completed,0,0,1.8,5,mixed,medium,low,253,122.89,1.99,3.1,4.3,359,0,False,True,False,False,False
996,492,11,123.94,2.01,108.49,1.76,completed,0,0,1.8,5,mixed,medium,low,253,122.89,1.99,3.1,4.3,359,0,False,True,False,False,False
998,494,1,196.52,3.77,202.47,3.88,in_progress,0,0,4.7,9,senior,low,medium,254,247.94,3.47,3.2,3.1,202,0,True,False,False,False,False
999,494,19,220.75,3.74,228.45,3.88,in_progress,0,0,4.7,9,senior,low,medium,254,247.94,3.47,3.2,3.1,202,0,True,False,False,False,False
1000,494,2,194.41,2.73,204.09,2.86,in_progress,0,0,4.7,9,senior,low,medium,254,247.94,3.47,3.2,3.1,202,0,True,False,False,False,False
1003,496,5,616.62,10.79,641.04,11.22,in_progress,290,0,1.2,8,junior,medium,low,255,703.81,12.32,5.0,2.1,107,6,False,False,False,False,True
1004,497,13,1157.6,20.0,1183.54,20.44,completed,485,24,2.7,5,mixed,low,medium,256,1049.79,12.42,3.9,3.7,42,3,False,False,False,True,False
1005,497,18,989.53,11.71,1030.19,12.19,completed,485,24,2.7,5,mixed,low,medium,256,1049.79,12.42,3.9,3.7,42,3,False,False,False,True,False
1006,497,6,1199.21,21.74,1159.51,21.02,completed,485,24,2.7,5,mixed,low,medium,256,1049.79,12.42,3.9,3.7,42,3,False,False,False,True,False
