id,name,project_type,description,status,start_date,end_date,function_points,interface_count,technology_stack,demand_stability_rating,team_size,team_experience_level,priority,risk_level
1,加入选择项目,硬件采购,如果进入一般.,in_progress,2024-01-09,2024-11-13,0,0,[],4.0,3,senior,low,high
2,程序那些项目,硬件采购,工程质量工程手机更多一定.还有美国那个实现发表质量.,in_progress,2023-05-27,2024-02-27,0,0,[],2.7,18,mixed,high,low
3,语言投资项目,软件开发,因此你的大家软件感觉.必须更新根据政府您的一定.,planning,2023-03-10,2023-09-01,129,0,"[""C#"", ""PHP"", ""Vue.js"", ""JavaScript""]",4.9,8,junior,high,low
4,特别资源项目,市场推广,计划问题电影设备联系名称时间社会.为什完全一种是一.最后处理投资重要不是.,cancelled,2023-02-22,2023-04-26,0,0,[],3.7,15,mixed,high,low
5,认为广告项目,市场推广,主要两个设备事情.,completed,2024-04-04,2025-03-22,0,0,[],3.2,5,senior,medium,high
6,当然参加项目,咨询服务,一下搜索知道部分然后信息有些.关于最新为什男人有限.,planning,2024-05-16,2025-03-18,0,0,[],4.6,11,junior,high,medium
7,时间记者项目,咨询服务,孩子在线有限选择阅读服务非常过程.,planning,2022-11-19,2023-06-22,0,0,[],3.1,16,mixed,medium,medium
8,发布正在项目,系统集成,记者其他你的.喜欢各种责任一切学习两个标准是一.,in_progress,2022-10-04,2023-08-11,86,23,"[""SQLite"", ""Redis"", ""AWS""]",2.6,2,junior,medium,high
9,这里资源项目,硬件采购,地址以下手机男人经济标准发生拥有.说明一直运行这里教育注册.,completed,2022-12-07,2023-03-15,0,0,[],1.2,4,mixed,low,low
10,次数部分项目,咨询服务,类型有限拥有以下的话起来主要.一些论坛那些类型.那个经验一种任何一次.,in_progress,2022-12-13,2023-02-05,0,0,[],3.4,10,mixed,low,high
11,对于非常项目,硬件采购,产品投资社区而且商品看到不同您的.关系准备这么可能您的一般.相关责任不能类别.,planning,2023-03-19,2023-10-01,0,0,[],3.9,13,senior,low,low
12,单位价格项目,咨询服务,大家地址能够地方那些.您的资源为了项目来自进行显示.网上这是空间你们其他搜索在线.,planning,2024-05-18,2024-12-18,0,0,[],1.2,15,junior,medium,low
13,没有精华项目,硬件采购,当然更新目前制作.点击价格商品科技搜索需要你的能力.,planning,2023-08-16,2023-11-28,0,0,[],1.2,17,junior,low,high
14,作为图片项目,系统集成,经营直接论坛地方之间.进入主题电话内容如果能力详细.这里不会操作投资.,completed,2024-01-06,2024-08-10,300,21,"[""Django"", ""MongoDB"", ""Java"", ""Angular"", ""Vue.js"", ""Docker""]",4.2,11,senior,medium,medium
15,因此来自项目,硬件采购,以后开发对于.那些网络论坛出现控制你的看到都是.详细应该信息资料的是.,completed,2022-07-16,2022-11-25,0,0,[],1.5,6,senior,high,high
16,全部点击项目,市场推广,研究情况所有方法重要搜索因此.最新希望销售因此一切就是知道.会员正在设备现在如何事情所有.,in_progress,2023-02-19,2024-02-13,0,0,[],2.0,5,mixed,low,high
17,全国的话项目,市场推广,实现作为次数大学.拥有品牌国内运行一个.,planning,2022-07-19,2022-09-12,0,0,[],3.9,8,mixed,high,high
18,品牌来自项目,咨询服务,他们结果完全要求不要的话.来自一个之后科技不要.一定不要不要安全类别必须完成.,planning,2023-02-15,2023-08-24,0,0,[],2.7,12,mixed,low,medium
19,因此记者项目,系统集成,等级北京的话只是这是觉得.次数孩子相关不过只是.两个以上自己免费只要.,planning,2023-03-24,2023-04-30,215,28,"[""Node.js"", ""AWS""]",2.1,13,junior,high,high
20,用户这些项目,软件开发,广告工程虽然详细规定.什么研究用户.,in_progress,2024-05-13,2024-08-07,183,0,"[""Node.js"", ""Java"", ""PostgreSQL""]",1.0,12,senior,high,medium
21,用户网站项目,系统集成,全部事情这里这个的话其他.提高起来必须一次一定东西今年.国际操作地址生活需要规定.需要能力一次我们.,completed,2024-02-19,2024-07-31,280,7,"[""Flask"", ""MySQL"", ""Azure""]",4.4,20,mixed,high,low
22,建设事情项目,系统集成,企业文化最大感觉建设业务.详细如何决定首页软件目前.具有世界的人只是有些.,completed,2023-10-14,2024-04-13,296,15,"[""SQLite"", ""Java"", ""Docker""]",2.0,10,junior,high,high
23,作为是一项目,软件开发,市场开始怎么.价格工具加入问题.活动活动位置行业时候.建设完成出来网站新闻图片.,planning,2023-05-23,2023-07-15,267,0,"[""PHP"", ""Java"", ""Ruby"", ""Angular"", ""JavaScript"", ""Python""]",4.1,18,senior,high,medium
24,记者目前项目,硬件采购,怎么各种城市注意组织国际日期.进行开发一些地方生活大学.等级注册需要学习类型不过时候这些.一些方面当前过程电影网络.,planning,2023-11-07,2024-10-11,0,0,[],2.7,9,senior,low,medium
25,一直电子项目,咨询服务,今天资料直接发现详细一样.支持标题一起只要.表示非常能力影响原因等级.,cancelled,2024-02-06,2024-10-20,0,0,[],2.5,8,senior,high,high
26,也是开始项目,系统集成,个人经济时间网站生产.,cancelled,2023-11-13,2024-04-05,428,11,"[""Django"", ""JavaScript"", ""PHP"", ""MySQL"", ""Redis"", ""Spring""]",2.3,15,junior,low,medium
27,产品游戏项目,咨询服务,中文的话解决使用.女人音乐得到作为业务.,in_progress,2023-05-08,2024-05-04,0,0,[],3.6,3,senior,medium,high
28,系列控制项目,软件开发,两个处理一切中文.市场使用音乐评论注册.参加不同标准当然.东西什么开发一起如何经营.,in_progress,2022-11-04,2023-09-22,115,0,"[""Azure"", ""Python"", ""Java"", ""JavaScript"", ""Node.js""]",1.5,15,senior,high,high
29,公司说明项目,咨询服务,直接我的安全世界这里.这里事情主题北京.,completed,2023-08-28,2024-02-27,0,0,[],4.7,10,senior,medium,high
30,一下企业项目,软件开发,美国因此部分社会通过技术.很多都是积分谢谢开发.男人如此地址出来.,planning,2023-07-10,2024-02-01,37,0,"[""Google Cloud"", ""Python"", ""Vue.js"", ""React"", ""Redis""]",2.6,8,mixed,low,medium
31,不会完全项目,软件开发,本站发生图片要求.作品部门过程而且最后生活.,planning,2023-05-20,2023-11-17,266,0,"[""Node.js"", ""Docker""]",4.7,2,junior,high,low
32,空间没有项目,硬件采购,一个得到帖子帮助.今天位置当前信息单位有关.如果具有你的一点.认为不要完全最大最新目前生产.,completed,2023-11-21,2024-01-14,0,0,[],4.3,11,junior,medium,low
33,电影这种项目,咨询服务,不会空间使用自己.今天支持不同方面精华.非常评论要求电子人民评论.,completed,2022-12-30,2023-03-22,0,0,[],2.4,7,junior,low,low
34,网络类别项目,软件开发,积分生产企业销售拥有.,cancelled,2023-04-23,2023-07-13,378,0,"[""SQLite"", ""Google Cloud"", ""MySQL"", ""AWS""]",2.3,11,mixed,high,high
35,时候相关项目,市场推广,工作虽然这么公司设备.这种广告通过广告朋友能力实现事情.,cancelled,2023-04-05,2023-12-19,0,0,[],3.5,7,senior,high,high
36,方式之后项目,咨询服务,网站以下应用规定一下地方.学习大小法律大小软件安全我们生活.还有有关经验成功地区管理希望过程.,planning,2022-11-21,2023-10-18,0,0,[],4.4,14,junior,high,medium
37,只是比较项目,咨询服务,项目来源还有一切控制回复.,planning,2022-12-16,2023-04-01,0,0,[],2.0,6,senior,low,high
38,以下历史项目,市场推广,表示但是大小根据使用必须因为.也是不同有限.商品通过能够不能.更新次数直接基本都是中国加入这么.,cancelled,2023-06-15,2024-05-03,0,0,[],1.9,5,mixed,medium,low
39,管理汽车项目,软件开发,音乐简介电脑大学.,cancelled,2024-04-01,2024-05-26,127,0,"[""PHP"", ""Python"", ""Java"", ""React"", ""Ruby"", ""AWS""]",2.3,7,junior,low,low
40,结果基本项目,硬件采购,之后中心一次运行而且详细一样.完全来源帖子.特别之后这是日期一次计划加入.,in_progress,2023-05-05,2023-07-30,0,0,[],4.8,14,mixed,low,high
41,在线阅读项目,市场推广,研究具有之间.我的阅读一些过程有关.,in_progress,2022-09-24,2023-06-29,0,0,[],1.5,14,senior,low,low
42,投资直接项目,咨询服务,记者而且因此正在来源其中.要求那么设备汽车之后加入.,cancelled,2023-06-29,2023-09-24,0,0,[],4.1,20,mixed,low,medium
43,最后就是项目,软件开发,文章成功希望投资上海系统制作.大小标题今天发生.能够她的环境以后要求朋友.,cancelled,2024-05-06,2025-04-19,402,0,"[""MongoDB"", ""PHP"", ""Go"", ""Kubernetes"", ""Google Cloud"", ""Node.js""]",2.1,3,mixed,high,high
44,电子网站项目,咨询服务,主题项目支持美国网络什么什么.中心部分城市由于处理搜索网上.合作国内简介帖子评论结果.,cancelled,2023-03-21,2023-11-17,0,0,[],2.5,14,mixed,medium,medium
45,任何能力项目,系统集成,有限汽车到了功能中文发生为什应用.而且其他报告一切.,completed,2022-08-02,2023-02-21,489,49,"[""Node.js"", ""Flask"", ""MySQL"", ""Kubernetes"", ""AWS"", ""Azure""]",1.4,15,senior,high,high
46,应该两个项目,系统集成,可是类型原因来自.市场能够之间新闻.都是时间发展经营我们.最后显示应用欢迎经营朋友她的.,cancelled,2024-03-14,2024-08-17,484,24,"[""Redis"", ""React"", ""Node.js"", ""Spring""]",3.2,12,mixed,low,low
47,那些还有项目,咨询服务,其他不要发现电影如此.更多要求有关会员责任.,completed,2023-11-28,2024-04-19,0,0,[],1.9,6,senior,medium,high
48,上海这种项目,软件开发,增加业务手机科技用户.,completed,2023-05-27,2024-04-16,61,0,"[""Python"", ""React""]",1.8,2,junior,medium,medium
49,的人什么项目,硬件采购,不断设备美国出现.记者关系我们最新.文章必须目前一定报告增加类别客户.,completed,2024-02-01,2025-01-14,0,0,[],4.4,8,senior,medium,low
50,女人他们项目,软件开发,资料你的说明到了谢谢当前任何.,planning,2024-04-30,2024-08-28,222,0,"[""Django"", ""AWS"", ""JavaScript"", ""Vue.js""]",3.0,7,mixed,high,high
51,活动电脑项目,咨询服务,拥有管理深圳问题.事情很多下载这么.,in_progress,2023-10-20,2023-12-10,0,0,[],2.1,2,senior,high,low
52,感觉到了项目,硬件采购,不过经济完全浏览评论空间.有关简介国家研究人民觉得不会.,planning,2024-07-05,2024-09-26,0,0,[],2.7,18,senior,medium,low
53,正在这样项目,硬件采购,应该其实那个包括公司市场得到.同时中文一次当前一个.全部经验成功帖子.的是搜索北京项目.,in_progress,2024-04-29,2025-02-09,0,0,[],1.0,5,junior,low,medium
54,工具男人项目,软件开发,为什大家觉得上海主题价格一点.所以部门主要情况决定技术.,in_progress,2023-05-12,2023-11-24,84,0,"[""AWS"", ""Google Cloud"", ""Azure"", ""Spring"", ""Java"", ""Node.js""]",1.8,2,junior,medium,high
55,企业信息项目,咨询服务,行业喜欢学习无法.教育根据或者网站电话.,planning,2023-11-09,2024-06-11,0,0,[],2.8,16,mixed,medium,low
56,对于详细项目,市场推广,直接无法谢谢记者数据能力完全.发布市场点击没有学校.国内发布大小希望帖子当然拥有这种.以及项目历史那个.,cancelled,2023-11-11,2024-03-24,0,0,[],2.0,5,senior,medium,low
57,能够正在项目,系统集成,这样查看人员喜欢不断影响.认为设计网络.最后类别中心详细目前.,in_progress,2022-11-14,2022-12-24,450,47,"[""MongoDB"", ""AWS"", ""Node.js"", ""React""]",1.5,11,senior,medium,high
58,社区他们项目,系统集成,网上网站设备数据.两个东西您的自己.,cancelled,2024-04-20,2024-09-11,263,9,"[""Ruby"", ""React"", ""Kubernetes"", ""Java""]",3.4,10,junior,medium,medium
59,人员标准项目,咨询服务,一直其中汽车发表大小.空间很多如此使用很多.,in_progress,2023-10-03,2024-01-07,0,0,[],4.0,11,junior,low,medium
60,安全必须项目,硬件采购,目前经验汽车.不同制作拥有责任一样上海.发布推荐这里得到用户国际出来.起来电子拥有质量回复有限之间.,in_progress,2024-03-25,2024-09-29,0,0,[],1.8,18,junior,medium,high
61,然后一样项目,咨询服务,汽车电脑研究客户.密码增加一个积分.只要很多文化方面加入.,planning,2024-06-11,2025-01-26,0,0,[],3.9,12,mixed,low,high
62,增加经验项目,硬件采购,感觉关系日本当然可能更多处理.如果记者不是查看基本公司商品.一个程序女人用户可以选择通过.,in_progress,2022-07-26,2022-10-05,0,0,[],1.6,6,junior,low,high
63,广告来源项目,市场推广,有些得到新闻规定喜欢标准责任.,completed,2024-01-10,2024-11-07,0,0,[],2.9,2,mixed,low,low
64,提供没有项目,市场推广,环境首页全国北京大家起来进行.的是可能有关不会.可是设计一定.,in_progress,2024-03-16,2024-10-31,0,0,[],1.3,14,senior,high,low
65,市场得到项目,咨询服务,网络支持设备城市.是一为什阅读客户.,completed,2022-10-22,2022-12-12,0,0,[],3.9,7,mixed,medium,medium
66,广告情况项目,硬件采购,两个价格经济当然客户.不过什么学习国际环境功能.,completed,2023-10-08,2024-09-21,0,0,[],2.8,11,mixed,low,high
67,标题以后项目,硬件采购,网站地区显示就是精华一点.人民全部国家客户标准.他的发生标题不能两个.,completed,2024-05-28,2025-03-05,0,0,[],2.1,20,junior,medium,high
68,一直具有项目,硬件采购,联系地区注意以后科技.,cancelled,2023-01-08,2023-06-30,0,0,[],2.6,7,senior,high,high
69,方法下载项目,市场推广,标题语言这种软件.一次希望一直喜欢全部我们其实.成功你们而且出现.,in_progress,2023-02-25,2023-06-08,0,0,[],2.3,6,mixed,medium,high
70,有限一些项目,咨询服务,国际那些提供.增加继续活动经营学习法律很多.孩子世界必须主要.积分地址的是深圳网站知道业务.,completed,2023-03-19,2024-03-17,0,0,[],2.2,11,senior,medium,low
71,电脑这样项目,软件开发,一起以下一下加入一般.结果网络品牌.,completed,2023-04-19,2023-12-31,323,0,"[""Django"", ""Go"", ""Kubernetes""]",4.6,19,junior,high,high
72,是否这样项目,硬件采购,规定客户没有.完成服务继续.,planning,2023-01-27,2023-09-26,0,0,[],3.3,18,mixed,medium,high
73,必须注册项目,咨询服务,注意当然有限他们中文.威望根据一点基本内容时候功能.使用下载中国详细事情.,in_progress,2024-05-01,2024-08-20,0,0,[],1.5,20,junior,low,low
74,登录根据项目,市场推广,类别关于北京对于专业加入.文件有关而且公司工具.,in_progress,2022-08-20,2023-07-07,0,0,[],3.1,13,senior,high,medium
75,如此孩子项目,硬件采购,处理主题注意本站.,cancelled,2024-05-31,2024-12-29,0,0,[],4.2,14,junior,high,medium
76,以上这里项目,软件开发,研究位置首页看到留言计划他们.详细相关无法地区有限以上.状态地区有限环境国家文件不要主题.,completed,2022-10-06,2023-01-07,392,0,"[""Go"", ""Docker"", ""Spring"", ""PostgreSQL"", ""PHP""]",4.9,2,mixed,low,high
77,地方名称项目,市场推广,还是人员资源单位能够中心研究.已经正在管理以及投资.,in_progress,2023-06-01,2024-05-16,0,0,[],3.1,13,senior,medium,high
78,只是质量项目,市场推广,非常因为的话运行.任何中国部分不要.,planning,2022-10-05,2023-05-08,0,0,[],1.9,10,senior,medium,medium
79,资源目前项目,市场推广,企业报告威望程序.然后只有世界是否.,planning,2023-11-22,2024-10-22,0,0,[],3.9,5,junior,low,high
80,有关不要项目,硬件采购,用户继续关系以上知道也是中心.深圳业务位置阅读感觉合作历史.标题包括特别开发.,planning,2023-05-22,2024-04-21,0,0,[],4.9,10,junior,medium,high
81,有些分析项目,软件开发,进行作为一个这个美国.公司文化社会由于关系管理当然城市.,planning,2023-06-11,2023-07-22,486,0,"[""Azure"", ""MySQL""]",1.1,19,junior,low,high
82,发现来自项目,市场推广,还是必须更新教育不会今天系统.非常作品业务根据.经济行业如此任何.,planning,2024-01-31,2024-10-12,0,0,[],4.5,4,mixed,low,high
83,自己公司项目,硬件采购,主题文化日本谢谢网络工程.留言中国状态经验.,completed,2023-06-16,2023-08-21,0,0,[],2.4,3,mixed,high,medium
84,感觉时间项目,软件开发,今年能够电脑文件新闻简介项目.社区或者经济大学业务.次数谢谢商品虽然密码控制.,in_progress,2024-02-21,2025-02-18,308,0,"[""C#"", ""MySQL"", ""Flask"", ""Vue.js""]",1.4,13,mixed,high,low
85,为了建设项目,咨询服务,如何社区空间最大日本.市场以下精华关于.文件科技经营来自控制来自个人.,planning,2023-06-14,2023-09-01,0,0,[],3.8,9,mixed,high,low
86,文章现在项目,硬件采购,留言你的两个各种这样留言.查看留言精华投资出来.但是无法欢迎中国原因活动不要论坛.,planning,2023-02-26,2023-05-02,0,0,[],1.2,19,junior,low,medium
87,那个组织项目,硬件采购,本站国内如何进行组织更新不同.谢谢您的工作希望.,in_progress,2022-10-26,2023-10-12,0,0,[],2.1,12,mixed,medium,high
88,大小的是项目,硬件采购,女人当前控制教育不会她的文章.文件浏览地方社区质量工作功能.现在或者需要你的.,in_progress,2023-02-27,2023-12-05,0,0,[],3.4,13,mixed,high,low
89,社会能够项目,市场推广,各种非常推荐城市工作.,cancelled,2022-08-01,2022-12-27,0,0,[],2.3,16,senior,low,low
90,设备所以项目,硬件采购,全国这里音乐还有北京.有关来自运行来自深圳实现最大广告.,planning,2023-10-23,2024-02-16,0,0,[],1.1,20,junior,low,high
91,您的开发项目,系统集成,下载出现得到作为新闻类别.方式准备图片资源包括.,in_progress,2022-07-26,2022-11-21,141,11,"[""Kubernetes"", ""MongoDB""]",2.0,10,mixed,low,low
92,欢迎必须项目,咨询服务,文章一些这个成为.关系系列投资中国拥有.对于不要专业的是.,completed,2022-12-01,2023-11-30,0,0,[],3.8,2,senior,low,low
93,资料正在项目,系统集成,组织都是一样一种起来日期应用.通过具有名称目前的人为什.的人需要可是生活.,cancelled,2024-03-03,2024-05-31,314,27,"[""Docker"", ""React"", ""Azure"", ""Redis""]",3.4,19,junior,medium,medium
94,大小一点项目,市场推广,全部免费不过管理.情况搜索发表的话选择城市.,completed,2022-10-09,2023-07-14,0,0,[],4.7,3,mixed,low,low
95,本站生活项目,咨询服务,推荐只有国际客户成功网络留言.继续可以首页现在控制参加加入希望.电子他们但是本站帖子.,cancelled,2023-05-28,2023-11-10,0,0,[],4.1,14,junior,medium,high
96,说明生活项目,市场推广,投资但是点击更新历史留言.可能大小进入技术而且要求.,cancelled,2023-10-17,2024-01-16,0,0,[],4.2,7,senior,medium,low
97,认为原因项目,咨询服务,因此密码留言需要.管理主要实现出现.建设注意生活自己关系.国家历史问题网络操作图片记者.,planning,2023-12-27,2024-06-24,0,0,[],3.2,12,junior,high,medium
98,留言中心项目,软件开发,商品主要因此由于大家美国简介那些.我们回复管理你们.,cancelled,2022-11-13,2023-02-07,467,0,"[""Django"", ""JavaScript"", ""Flask"", ""PostgreSQL""]",3.0,15,mixed,high,low
99,注意孩子项目,市场推广,一个发现现在信息以下组织出来.不过可以比较语言这种.,completed,2022-12-07,2023-01-19,0,0,[],3.6,18,junior,low,low
100,是一语言项目,市场推广,全国安全学校发展支持解决.威望生活中心.上海得到资料留言位置.,completed,2023-08-30,2023-10-10,0,0,[],3.5,13,junior,low,low
101,这样提供项目,系统集成,一直设备具有男人.查看工作如何经济作品生活控制认为.,completed,2024-05-16,2025-05-07,332,30,"[""Spring"", ""Angular""]",2.5,19,senior,low,low
102,一般有限项目,咨询服务,密码电子网络国际那些推荐.觉得你们全国日期.你们这么根据安全进行参加所以.全国简介关系一个.,in_progress,2023-05-25,2023-11-30,0,0,[],1.2,2,mixed,high,medium
103,联系国家项目,硬件采购,重要可以提高可能.一定今天技术加入重要政府规定.,in_progress,2023-08-22,2023-09-25,0,0,[],2.8,11,junior,medium,high
104,中国如果项目,硬件采购,那些欢迎大学最大他们下载.,planning,2024-03-11,2025-02-21,0,0,[],3.6,5,senior,low,low
105,成功根据项目,软件开发,政府工具主要单位.合作那么法律选择.经营图片市场资源之间基本.,planning,2023-01-28,2023-07-31,372,0,"[""Kubernetes"", ""MySQL"", ""React"", ""Flask"", ""Node.js"", ""Ruby""]",4.2,16,senior,low,low
106,个人然后项目,软件开发,工具的人表示一起参加.业务由于主题不过基本公司.,planning,2023-10-27,2024-01-03,437,0,"[""Azure"", ""Redis"", ""PostgreSQL"", ""Vue.js""]",3.0,15,mixed,low,low
107,文件所以项目,系统集成,的人设备图片计划.电子地区自己发表.起来这样点击你的加入对于.,planning,2022-10-19,2023-04-24,380,31,"[""Node.js"", ""Kubernetes""]",2.0,13,senior,high,low
108,投资帮助项目,咨询服务,之间这是设备.只有表示电子.,cancelled,2024-01-10,2024-05-16,0,0,[],3.9,15,mixed,high,low
109,部门我的项目,软件开发,环境信息主要历史资源.公司网站如此必须选择选择系列.,planning,2023-05-02,2024-04-25,75,0,"[""Go"", ""Django"", ""PostgreSQL""]",4.9,6,mixed,high,high
110,不同方面项目,系统集成,网上更新有些主题希望下载国内其他.报告汽车通过美国.,in_progress,2023-07-09,2024-06-25,382,21,"[""SQLite"", ""PostgreSQL"", ""Go"", ""Vue.js""]",4.0,2,senior,low,high
111,会员以后项目,咨询服务,以上位置如果社会来源如果看到.地址标题解决其他制作希望电脑.,cancelled,2023-10-08,2023-12-26,0,0,[],2.8,15,senior,high,medium
112,作为运行项目,市场推广,有些作品网络当然作者很多.比较名称系统.数据详细他的通过深圳.,planning,2022-12-11,2023-04-09,0,0,[],2.4,2,mixed,low,medium
113,怎么技术项目,软件开发,主题位置帮助能力可能会员建设.业务全国什么评论文章以下.,in_progress,2022-07-26,2023-01-09,345,0,"[""React"", ""SQLite""]",2.3,18,senior,high,high
114,出现项目项目,市场推广,系统技术因为客户出来.没有通过记者有限过程社会.控制包括地址客户.,planning,2024-06-16,2024-12-11,0,0,[],4.8,14,senior,high,low
115,他的美国项目,硬件采购,人员大学你的法律.影响人员方面.,planning,2023-05-03,2023-11-23,0,0,[],1.0,10,mixed,medium,low
116,建设同时项目,咨询服务,出来不同组织留言国内以后更新.研究可是什么部门工程作者.北京更新然后具有完全一直.,planning,2024-01-17,2024-10-20,0,0,[],4.4,7,junior,low,high
117,研究音乐项目,市场推广,帮助结果他们系统.提高虽然之后一些方法.,in_progress,2023-10-06,2024-02-24,0,0,[],4.4,19,senior,high,medium
118,起来出现项目,咨询服务,应该没有知道可是深圳.解决应该项目任何.,planning,2023-10-05,2024-07-09,0,0,[],3.6,4,junior,medium,low
119,不能比较项目,咨询服务,显示因为起来单位分析.是否其他国际.我的成为现在.你的通过当然您的的话出现作为.,cancelled,2023-11-10,2024-01-04,0,0,[],4.9,14,junior,medium,medium
120,点击今年项目,系统集成,一下一种内容已经选择以上.那么安全市场销售次数.自己网站之后企业标题这种系统.,planning,2022-07-16,2023-03-01,495,34,"[""AWS"", ""Docker"", ""Ruby""]",4.9,13,junior,low,high
121,方法包括项目,系统集成,的是上海来源如果一次.其中环境威望帮助以后相关电话密码.免费网络电脑浏览进行喜欢.,completed,2024-04-11,2025-04-07,134,39,"[""React"", ""PostgreSQL"", ""Java"", ""AWS"", ""Angular""]",3.4,4,senior,low,low
122,不要两个项目,硬件采购,这种商品同时密码企业这样.系统所有能够发布得到.功能当前时候以上最大.,planning,2022-08-13,2022-12-27,0,0,[],2.2,3,junior,low,medium
123,到了网络项目,市场推广,解决本站重要直接这么经验.国家只要汽车地方.大家成为不断经济.,in_progress,2024-01-04,2024-10-26,0,0,[],2.3,16,senior,high,medium
124,搜索对于项目,系统集成,软件名称上海希望登录程序.认为决定作者包括社会联系准备汽车.,cancelled,2023-05-16,2023-12-29,463,16,"[""Redis"", ""AWS"", ""Docker""]",2.6,20,junior,high,low
125,人员帮助项目,软件开发,程序标准经验使用由于.一些这些等级商品喜欢根据孩子.认为工程说明一样.类型等级不会.,cancelled,2022-09-26,2023-05-03,166,0,"[""Azure"", ""AWS""]",1.5,12,junior,medium,high
126,时间都是项目,系统集成,系统阅读详细朋友基本选择数据.新闻教育他们那些学校原因汽车有限.中国无法业务关系通过.得到部分看到点击具有各种开发特别.,completed,2024-05-22,2024-09-03,205,23,"[""Node.js"", ""Flask"", ""PHP"", ""Django"", ""SQLite""]",2.6,6,mixed,low,medium
127,计划你们项目,市场推广,可是因为更多经营.这是空间一样积分现在.希望是一进行相关能力直接.,cancelled,2023-04-09,2023-05-09,0,0,[],1.5,5,junior,low,high
128,电影根据项目,市场推广,实现一下情况这个是一帮助.程序最后地址部门.,planning,2022-12-28,2023-05-19,0,0,[],1.6,3,mixed,medium,medium
129,项目位置项目,软件开发,喜欢根据已经销售.要求今年市场推荐市场登录.经济大学类别进入影响.,in_progress,2023-04-01,2023-08-12,324,0,"[""Flask"", ""Go"", ""MySQL""]",4.9,16,senior,high,high
130,怎么方法项目,软件开发,那么东西游戏因为是否帮助一切.相关那个您的公司留言时候空间公司.,completed,2022-07-31,2023-06-18,244,0,"[""Docker"", ""Ruby"", ""MySQL"", ""Kubernetes"", ""C#"", ""Go""]",2.8,3,junior,low,low
131,成为作者项目,软件开发,简介有些相关如此下载社区认为中心.所以我们已经网上因此游戏.,cancelled,2023-10-26,2024-01-05,199,0,"[""PHP"", ""Ruby"", ""MySQL"", ""Spring"", ""JavaScript"", ""SQLite""]",1.5,14,senior,high,high
132,这个系统项目,市场推广,任何只是国内专业所有人民影响.最后解决本站日期进行但是都是.发展上海大学技术注册.,in_progress,2023-07-27,2023-09-07,0,0,[],2.2,16,junior,low,high
133,知道电影项目,硬件采购,其中他的今天有些人员.发布免费大小社会非常规定.发表今年只有合作就是.,in_progress,2022-08-17,2023-07-07,0,0,[],4.6,15,junior,high,high
134,部分已经项目,系统集成,介绍电影规定不能新闻不是这些.部分一样基本精华东西.提高中国只要帮助论坛因此游戏.,in_progress,2023-01-30,2023-04-21,332,46,"[""Angular"", ""Flask"", ""Kubernetes"", ""SQLite"", ""AWS""]",4.1,4,junior,medium,low
135,运行这是项目,市场推广,实现关于其他个人.报告所以如此文化地方空间.,completed,2023-11-16,2024-06-28,0,0,[],2.4,13,mixed,low,medium
136,任何电脑项目,硬件采购,注意次数非常类型文件两个信息.解决提高拥有什么主题研究.,completed,2023-08-12,2024-05-02,0,0,[],1.5,7,senior,medium,medium
137,社区之间项目,市场推广,但是自己包括也是过程.本站发布所以威望操作环境.语言为什有些可能目前数据什么出现.,cancelled,2024-02-06,2024-09-06,0,0,[],3.2,2,senior,medium,high
138,其他类别项目,咨询服务,操作标题国际我的一定开始.以下更多可能.准备网络人民程序不要.,planning,2023-07-30,2023-12-03,0,0,[],3.2,20,senior,low,high
139,这里一直项目,咨询服务,学校在线发布一样是否有些拥有.威望新闻中文阅读不断虽然.,completed,2022-07-27,2023-05-07,0,0,[],1.7,3,mixed,medium,low
140,工作都是项目,系统集成,部分也是网络论坛完成你们查看.,completed,2022-12-30,2023-12-15,378,3,"[""JavaScript"", ""SQLite"", ""PostgreSQL"", ""Vue.js"", ""AWS"", ""Docker""]",4.9,14,senior,low,medium
141,资料公司项目,硬件采购,由于如何类型自己时间数据人民.还有现在国际文章环境.,cancelled,2024-02-03,2024-04-01,0,0,[],3.3,15,junior,high,high
142,提供但是项目,咨询服务,经验精华认为状态.任何要求我们精华电影.,planning,2023-07-01,2023-12-24,0,0,[],4.5,19,senior,low,high
143,日本你的项目,咨询服务,我的不断有关认为.孩子中文浏览搜索下载.学校日本设计介绍.,planning,2023-03-03,2023-07-27,0,0,[],3.0,6,senior,high,medium
144,欢迎详细项目,市场推广,解决经验图片必须经营.处理生产单位完成标准.,cancelled,2023-02-14,2023-04-14,0,0,[],4.4,6,mixed,high,low
145,成为状态项目,市场推广,科技是一这么浏览日本不要当前.东西为什电子广告品牌.,completed,2023-07-07,2023-12-18,0,0,[],3.3,6,senior,medium,medium
146,以上美国项目,软件开发,经济他的政府继续政府.威望公司个人以上精华地址发展.的是等级价格标题城市.其实地址虽然网上.,cancelled,2023-07-29,2023-10-12,215,0,"[""MongoDB"", ""Java"", ""Kubernetes"", ""Spring"", ""Ruby"", ""MySQL""]",2.1,16,mixed,high,low
147,历史我们项目,软件开发,希望男人加入这些中心品牌信息.回复这是公司详细开发都是登录.,in_progress,2024-06-23,2024-09-19,47,0,"[""Django"", ""Spring"", ""MySQL"", ""Node.js"", ""Java"", ""PostgreSQL""]",2.9,5,senior,medium,low
148,通过一些项目,咨询服务,重要程序下载产品今年.客户公司其实会员全国.,completed,2023-11-12,2024-01-17,0,0,[],4.2,3,junior,low,medium
149,不过国家项目,系统集成,名称组织商品提高数据类型.在线注册一种或者系列.,completed,2022-08-10,2023-07-29,382,27,"[""Kubernetes"", ""PHP"", ""Django"", ""MySQL"", ""Docker"", ""MongoDB""]",2.5,12,junior,medium,low
150,增加也是项目,硬件采购,专业中文那么位置.如此不会处理留言您的一下.,completed,2022-08-30,2023-02-23,0,0,[],2.7,18,mixed,medium,low
151,当前为什项目,硬件采购,查看类型工程.在线科技一定具有生产发生以上.各种新闻广告经济两个都是.,cancelled,2024-01-16,2024-12-29,0,0,[],3.5,9,mixed,medium,low
152,提高要求项目,软件开发,发布运行一起或者.,planning,2023-11-13,2024-07-10,96,0,"[""MySQL"", ""Kubernetes""]",3.3,15,junior,low,medium
153,选择全国项目,市场推广,不是这些没有城市还有很多.他们但是是否全国.,in_progress,2023-10-31,2024-03-31,0,0,[],4.2,8,senior,high,low
154,为什需要项目,硬件采购,社区如何时间.帖子方法联系选择地区.是否因为应该一直.主要全部各种成功.,in_progress,2023-06-16,2024-03-21,0,0,[],2.8,16,mixed,high,low
155,个人介绍项目,咨询服务,所以还有运行决定.商品当然合作专业她的.,completed,2024-06-25,2024-11-10,0,0,[],2.9,6,junior,high,medium
156,自己网上项目,系统集成,非常安全手机客户应该他的.影响管理部门详细电话.,planning,2023-01-23,2023-05-25,270,12,"[""SQLite"", ""Flask"", ""AWS"", ""Redis""]",3.6,16,mixed,low,medium
157,已经一下项目,咨询服务,规定项目类别更多文化可是什么.完全文章更新.法律其中自己您的学生显示.,planning,2024-03-06,2025-01-31,0,0,[],4.3,14,junior,low,low
158,朋友能够项目,市场推广,无法自己分析学生手机.语言更新全国用户价格更新系列时间.一直设备也是其实都是经营以及.,cancelled,2022-09-24,2023-03-11,0,0,[],1.6,7,senior,medium,low
159,我的回复项目,硬件采购,网络登录图片作者正在状态现在.一些能够之后.选择情况我们必须也是.,cancelled,2022-10-06,2023-03-01,0,0,[],4.3,15,senior,high,low
160,实现控制项目,硬件采购,法律应用希望的话回复来自规定.无法本站经济解决这个出来.全部这样部门我的.在线表示一直国内不同选择经验.,cancelled,2023-05-19,2024-01-26,0,0,[],3.4,8,junior,low,low
161,表示实现项目,软件开发,表示部门登录全部最新业务.大学留言来源时间类型.,completed,2024-05-18,2024-11-29,247,0,"[""Google Cloud"", ""AWS"", ""MySQL""]",2.9,20,junior,high,low
162,为什方面项目,硬件采购,美国状态都是标准那么.男人学习一样.教育希望一般.,planning,2022-08-23,2023-07-10,0,0,[],3.8,6,junior,low,high
163,工程音乐项目,系统集成,一次个人技术发表.国家感觉一点评论还是由于.,planning,2022-08-14,2022-11-28,326,1,"[""Node.js"", ""Redis"", ""Go""]",1.1,2,senior,low,low
164,安全现在项目,咨询服务,基本资源发展时间对于成功.部分这是拥有经济只有一起.,in_progress,2023-07-12,2024-03-09,0,0,[],2.2,2,senior,high,high
165,所以留言项目,硬件采购,不同数据决定基本现在能力.生产建设销售不同为了研究.,planning,2024-05-12,2024-07-25,0,0,[],3.0,16,junior,low,low
166,到了发布项目,硬件采购,全国使用只要关于.日本汽车公司.而且这种今天孩子音乐.,in_progress,2023-07-20,2023-10-02,0,0,[],3.0,11,junior,low,low
167,应该大学项目,咨询服务,分析中国主题一个.市场时间很多有关不会名称.觉得名称公司帮助城市.,planning,2023-04-12,2023-06-16,0,0,[],3.6,2,mixed,medium,high
168,发现商品项目,系统集成,一样汽车软件全部非常.如果威望谢谢日本内容出来.,planning,2022-07-18,2022-12-13,183,13,"[""Java"", ""Redis"", ""JavaScript"", ""Docker"", ""PostgreSQL"", ""Angular""]",3.0,6,mixed,high,low
169,法律会员项目,系统集成,标题实现比较政府起来教育登录那么.相关能够注册可是世界是一世界.,completed,2022-09-02,2022-12-15,484,49,"[""JavaScript"", ""MySQL""]",2.1,14,junior,low,high
170,产品设备项目,硬件采购,关于业务回复如此完成非常.环境最后同时都是组织音乐.,planning,2022-10-14,2023-03-30,0,0,[],3.5,5,mixed,high,high
171,帮助一切项目,市场推广,他们只有企业工作.没有记者目前不同在线一次进入.这种有限的人国家.,completed,2022-11-20,2023-06-21,0,0,[],4.2,7,senior,high,medium
172,空间责任项目,系统集成,威望注册实现服务只有.,planning,2022-10-17,2023-01-25,16,12,"[""Flask"", ""Python"", ""C#""]",4.0,10,senior,low,high
173,两个功能项目,咨询服务,已经能力或者只有电影她的出现.本站位置只要当然.,planning,2022-08-26,2022-11-23,0,0,[],4.7,10,mixed,low,high
174,这是成为项目,市场推广,项目在线重要企业.系列看到推荐文化建设觉得.数据今天世界注册.,cancelled,2023-02-25,2023-11-14,0,0,[],1.0,3,mixed,medium,high
175,觉得日本项目,咨询服务,不能相关密码不会.控制大家影响两个.日本客户结果登录社会美国.,completed,2024-02-07,2024-03-29,0,0,[],1.2,20,senior,medium,low
176,介绍的人项目,系统集成,其实提供事情部分有关.大小会员单位内容.,planning,2023-04-14,2023-07-12,435,23,"[""Ruby"", ""Django"", ""Spring"", ""Go"", ""Vue.js""]",4.2,17,senior,medium,high
177,不是处理项目,硬件采购,使用产品男人以及目前正在.,completed,2023-02-26,2023-05-22,0,0,[],2.8,19,mixed,low,high
178,公司朋友项目,软件开发,资料其他电影这里安全那么.世界品牌这样报告.电影要求一些名称.,planning,2024-02-02,2024-12-24,414,0,"[""MongoDB"", ""Angular"", ""PostgreSQL""]",2.7,16,senior,high,high
179,商品那个项目,咨询服务,作为应该留言这种为了文章.法律事情他的业务.搜索自己首页所有进行.有限这种东西或者必须浏览.,in_progress,2024-03-18,2024-12-18,0,0,[],2.0,8,junior,low,medium
180,功能国际项目,市场推广,是否记者用户.深圳组织生活这些.,in_progress,2023-03-13,2023-07-04,0,0,[],4.3,14,senior,high,medium
181,规定责任项目,咨询服务,地方生活日期特别准备继续就是.因此她的希望增加但是.,planning,2023-08-02,2024-07-25,0,0,[],4.6,6,mixed,low,low
182,部分标准项目,系统集成,功能情况管理完全.技术不同感觉得到计划是否这是.责任不会论坛今天内容很多.,cancelled,2022-09-17,2023-04-19,12,34,"[""MySQL"", ""Google Cloud"", ""Flask"", ""Django"", ""Docker"", ""Redis""]",2.1,12,mixed,medium,low
183,规定程序项目,硬件采购,销售最后今年.工程基本操作.还有人民中心.,completed,2024-01-09,2024-07-07,0,0,[],2.8,18,mixed,high,high
184,名称直接项目,市场推广,记者比较她的学生其他特别行业投资.我们这里介绍是一北京.,completed,2023-08-06,2024-01-14,0,0,[],2.0,16,senior,high,medium
185,而且不会项目,系统集成,自己日期重要同时日期.同时只是更多人员发展出来.,in_progress,2023-10-30,2024-07-24,219,49,"[""Java"", ""Django"", ""PHP"", ""Ruby""]",1.3,9,junior,low,medium
186,那些游戏项目,软件开发,东西计划日本密码设备.中心会员工程电子专业这么.,cancelled,2023-12-02,2024-09-12,92,0,"[""MySQL"", ""SQLite"", ""Redis"", ""Vue.js""]",2.6,10,mixed,medium,medium
187,您的其实项目,咨询服务,全部政府音乐生产或者国际.最大比较还是相关您的.学生电子虽然网站音乐中国本站.,in_progress,2022-09-20,2023-06-24,0,0,[],2.4,6,junior,low,low
188,网上自己项目,系统集成,经验继续发布一个.情况中文这是查看.,cancelled,2024-01-30,2024-12-29,474,38,"[""Kubernetes"", ""Node.js""]",4.4,5,senior,medium,medium
189,进入业务项目,市场推广,最大软件那些.发现控制为什公司一般.,completed,2024-06-28,2024-09-18,0,0,[],3.5,3,junior,medium,high
190,目前因此项目,市场推广,投资日期合作全国规定下载.内容设计客户同时国家.,cancelled,2023-07-14,2023-12-16,0,0,[],1.5,18,mixed,high,low
191,非常不断项目,市场推广,来源感觉使用解决.进入开发网上.大家方法安全今天基本.,completed,2023-02-15,2024-01-03,0,0,[],3.7,10,junior,high,medium
192,关系单位项目,硬件采购,更多图片提供发现设备生活开始.,completed,2023-10-26,2024-10-16,0,0,[],1.1,6,junior,high,low
193,管理电话项目,软件开发,社会信息发布其他.论坛知道开始所有服务当前提高.,completed,2023-09-25,2024-08-05,85,0,"[""Google Cloud"", ""Docker"", ""Angular"", ""Go""]",3.0,17,mixed,medium,high
194,教育北京项目,硬件采购,点击结果报告你的.类别品牌一般没有.,completed,2024-06-05,2024-12-24,0,0,[],2.4,16,junior,high,high
195,发展汽车项目,硬件采购,原因这种回复然后.通过应用成为语言.,planning,2022-10-12,2023-03-27,0,0,[],3.7,6,junior,low,low
196,决定新闻项目,软件开发,拥有首页国内系列虽然因此.中国部门没有知道.作品方法电脑之后所以主题最大.,completed,2024-02-02,2024-03-24,96,0,"[""C#"", ""MongoDB"", ""MySQL"", ""Go"", ""Ruby"", ""PostgreSQL""]",1.9,12,mixed,low,medium
197,可以规定项目,咨询服务,很多最后组织最新谢谢加入在线.事情帖子完成内容学习你的.,cancelled,2023-03-09,2023-06-20,0,0,[],3.5,19,junior,high,high
198,之后管理项目,咨询服务,可是介绍这么而且起来一些.地址参加直接其中这么简介.,in_progress,2023-05-25,2024-04-17,0,0,[],4.2,9,mixed,low,low
199,音乐联系项目,软件开发,等级信息两个完全等级还是相关.关系手机单位.价格一样选择感觉研究.,planning,2023-08-02,2024-01-23,384,0,"[""Kubernetes"", ""Python""]",2.8,12,senior,medium,high
200,帖子登录项目,系统集成,功能认为注意其中.文化有限经营基本质量.,planning,2023-08-02,2024-03-01,181,7,"[""JavaScript"", ""Angular"", ""React"", ""Django"", ""Node.js""]",3.5,17,junior,high,low
201,分析价格项目,市场推广,主要项目运行地区一点今年.首页最新中文语言.,cancelled,2023-07-02,2023-12-19,0,0,[],1.9,13,senior,high,high
202,完成可以项目,软件开发,回复帮助音乐.,planning,2023-06-26,2023-11-07,485,0,"[""Ruby"", ""Django"", ""PostgreSQL"", ""Flask""]",1.2,14,junior,high,low
203,一样世界项目,咨询服务,都是积分程序标题等级学生大家使用.当然出来在线威望论坛同时.,planning,2024-05-31,2024-08-23,0,0,[],2.2,18,mixed,medium,low
204,网站点击项目,市场推广,应该行业那些之间部门这是.能够出现深圳标准介绍以后.,planning,2024-05-21,2025-03-10,0,0,[],2.1,3,senior,low,high
205,一下网上项目,系统集成,最大搜索那些社区有限一点.法律一起详细问题责任活动.,cancelled,2022-08-20,2023-03-14,429,45,"[""Django"", ""Kubernetes""]",3.5,7,junior,low,low
206,可能不断项目,硬件采购,主题作为运行.可能进行日期拥有不会.,planning,2023-08-18,2024-05-28,0,0,[],4.9,19,mixed,low,medium
207,不是大学项目,系统集成,合作你们电影作品.一次文化成功分析电影如果.,cancelled,2023-07-05,2024-07-02,212,29,"[""Spring"", ""Vue.js"", ""Ruby"", ""Django"", ""Python""]",2.0,9,senior,high,high
208,问题他的项目,软件开发,美国相关发布规定地区联系.什么一点标题文章.人民系统对于生产活动怎么企业.就是日本选择地址.,in_progress,2024-01-22,2024-12-31,330,0,"[""C#"", ""Google Cloud"", ""Python"", ""Angular""]",2.3,14,junior,medium,low
209,如何一定项目,市场推广,拥有日本最新.当前由于这样进行销售电影.活动不同问题有限数据一种.,in_progress,2024-07-06,2024-12-17,0,0,[],2.5,14,senior,low,high
210,行业之后项目,咨询服务,自己无法以后对于建设规定价格能力.记者所有网络不能直接为什.有些一样现在人员可以搜索联系.,completed,2024-02-19,2024-03-31,0,0,[],1.2,13,junior,low,high
211,所有中国项目,软件开发,人民最后可能等级应用.内容一个活动拥有制作一个.地区发展很多不同参加一点一种任何.,in_progress,2023-04-07,2023-11-15,287,0,"[""Angular"", ""Azure"", ""MySQL"", ""Kubernetes"", ""Ruby"", ""Node.js""]",1.1,4,junior,medium,low
212,类型注意项目,软件开发,女人发展发布对于组织.学校也是应用内容公司都是基本不是.,completed,2022-11-03,2023-05-31,18,0,"[""Redis"", ""PostgreSQL""]",4.9,4,senior,high,medium
213,威望点击项目,软件开发,状态评论最新支持作品数据行业.女人时候过程一直已经类别.音乐发生地址可能男人.,completed,2023-08-02,2023-09-29,425,0,"[""Azure"", ""PostgreSQL"", ""AWS"", ""Go"", ""C#"", ""Spring""]",3.4,18,mixed,low,medium
214,帮助一样项目,咨询服务,已经全国选择就是起来积分.东西安全一个这个对于.已经到了一下问题使用喜欢继续.,planning,2023-02-03,2023-09-30,0,0,[],2.0,20,junior,high,high
215,其他方法项目,软件开发,商品说明标准发表.以及东西一点实现历史不过.以后推荐一种作为一下必须会员.,in_progress,2023-11-04,2024-02-25,419,0,"[""Angular"", ""Redis"", ""Vue.js""]",1.1,11,senior,low,high
216,实现为什项目,系统集成,以及可是主题国际中文学生.需要图片没有.,completed,2023-01-18,2023-07-13,89,31,"[""PHP"", ""Ruby"", ""MySQL"", ""MongoDB"", ""Docker"", ""Kubernetes""]",4.2,15,mixed,high,medium
217,控制谢谢项目,硬件采购,一点这里希望欢迎.出来加入北京这个记者内容.学生生产基本没有而且现在登录处理.,in_progress,2023-02-07,2024-01-09,0,0,[],3.0,2,senior,high,high
218,单位阅读项目,市场推广,一下联系有关是否无法你们中国.表示显示一样程序.是否以及深圳联系关系介绍两个决定.,in_progress,2022-07-29,2023-03-06,0,0,[],1.0,7,senior,high,high
219,空间公司项目,系统集成,公司功能记者的话记者相关国家.公司同时设计发现类型留言简介搜索.评论一次表示关系知道她的.,cancelled,2024-01-06,2024-12-06,380,48,"[""PostgreSQL"", ""Flask"", ""React"", ""Docker"", ""Azure""]",3.3,13,junior,low,low
220,分析部分项目,市场推广,程序发生但是今天.责任最后研究相关正在业务.根据记者有关.,planning,2023-11-15,2024-06-10,0,0,[],4.7,11,junior,low,medium
221,日期更新项目,咨询服务,登录位置通过系统.积分拥有出现所以制作.,cancelled,2024-03-27,2024-09-22,0,0,[],2.2,13,senior,high,medium
222,大小报告项目,市场推广,城市学校日期这么孩子网站之间.个人网站计划成为电影今天.,cancelled,2022-08-06,2023-06-08,0,0,[],2.3,5,mixed,low,medium
223,计划新闻项目,硬件采购,品牌继续社区出现.控制无法新闻方法这个简介一定.上海教育也是管理.,in_progress,2023-12-13,2024-05-03,0,0,[],3.5,17,junior,low,medium
224,什么一起项目,系统集成,公司公司大小注册相关中心.组织具有业务公司经营发布全国就是.喜欢还有活动已经帖子阅读分析喜欢.,cancelled,2023-02-18,2023-07-17,230,23,"[""SQLite"", ""Go"", ""MongoDB"", ""Flask"", ""Node.js"", ""JavaScript""]",3.6,5,junior,low,high
225,重要推荐项目,咨询服务,这里目前科技你的是否相关过程.法律其中你的有些阅读语言学习.为了工作孩子推荐管理.,cancelled,2023-11-08,2024-08-22,0,0,[],2.5,13,mixed,low,low
226,支持应该项目,硬件采购,也是这个中文.标题处理怎么全部之后经验女人.选择为什是一数据时候.,completed,2023-05-03,2023-06-26,0,0,[],2.1,12,junior,low,high
227,对于电影项目,咨询服务,由于使用基本.最后你的选择设备美国方法认为.,cancelled,2023-01-26,2024-01-19,0,0,[],4.3,14,junior,low,low
228,全国东西项目,系统集成,增加大家一种最后.就是当然留言价格电影.已经不同世界完成继续使用中心.,in_progress,2022-11-30,2023-05-10,478,6,"[""Django"", ""Redis"", ""PostgreSQL"", ""Docker"", ""Angular""]",2.4,14,senior,medium,low
229,来源这里项目,系统集成,是否我的联系系统.非常本站位置有关标准国内成功.各种只是以及有些情况设备.,in_progress,2023-10-30,2024-09-11,373,18,"[""Docker"", ""PHP"", ""Google Cloud"", ""Go"", ""JavaScript"", ""C#""]",2.4,16,mixed,high,high
230,注册阅读项目,咨询服务,管理规定部分其实法律以及出现.一直活动文章文化欢迎完全.销售说明提供作品还是下载结果.,completed,2023-12-12,2024-03-27,0,0,[],2.9,13,junior,low,low
231,系列那个项目,市场推广,组织什么女人类别音乐作者.,planning,2023-12-25,2024-05-29,0,0,[],1.1,9,senior,low,medium
232,发表但是项目,硬件采购,然后这个文章其实新闻地区还有生活.他的首页的是一点过程.音乐网络学校.,cancelled,2023-04-09,2023-12-26,0,0,[],3.6,12,senior,high,low
233,出现回复项目,市场推广,游戏然后全部不同等级.免费没有教育规定.自己虽然原因我的.,completed,2023-11-24,2024-02-23,0,0,[],4.6,6,mixed,low,low
234,不是搜索项目,咨询服务,建设发现城市.到了作品拥有社区他们.,in_progress,2023-01-04,2023-03-30,0,0,[],3.9,13,senior,medium,medium
235,学生处理项目,咨询服务,解决工程设备选择这些.地区论坛这样进行事情他的时间.,in_progress,2024-02-27,2024-09-03,0,0,[],3.9,7,senior,medium,medium
236,您的经营项目,硬件采购,报告不是为什电脑如此完成.因为其实提高.积分大学信息关系不断.,in_progress,2022-12-30,2023-06-01,0,0,[],1.9,6,mixed,medium,high
237,联系一样项目,咨询服务,网络资源更多发展类别方法.作为应该文化一些.,completed,2023-04-02,2023-05-09,0,0,[],4.6,2,mixed,low,medium
238,投资那个项目,软件开发,操作全部不能不是首页游戏具有不断.显示以下正在你们.不断单位所以广告次数完全密码.,planning,2022-11-12,2023-10-30,484,0,"[""PostgreSQL"", ""Spring"", ""Flask""]",4.5,20,junior,low,medium
239,投资精华项目,市场推广,客户安全说明以上问题不过.主题你的结果感觉这是客户.,cancelled,2024-03-22,2024-10-11,0,0,[],4.1,15,senior,medium,low
240,历史其中项目,系统集成,基本组织类型我们应用.发生无法日本日期我们不会责任.,cancelled,2023-09-23,2024-09-20,408,31,"[""Python"", ""PHP""]",3.9,4,junior,low,low
241,软件内容项目,市场推广,不能还有发现只要建设孩子.,in_progress,2024-02-20,2024-07-14,0,0,[],3.0,17,mixed,low,low
242,注意出来项目,咨询服务,正在之后产品国内.建设过程虽然方法通过可是.,cancelled,2024-02-15,2025-01-10,0,0,[],2.8,15,junior,low,high
243,今天完全项目,软件开发,不要更新到了图片国际部分操作.关系之后您的.那些工作虽然功能.,planning,2023-04-19,2023-12-12,180,0,"[""Python"", ""Go"", ""Angular"", ""Spring""]",4.4,8,senior,low,medium
244,必须其实项目,硬件采购,威望学习原因公司只有.时候不同留言那个管理信息觉得深圳.设计情况如此网站最新.,completed,2023-05-10,2024-04-06,0,0,[],4.0,19,mixed,high,medium
245,美国帖子项目,咨询服务,大小部分图片学习对于这种有限.自己管理制作继续评论参加什么.影响类型音乐投资如果发布非常.,in_progress,2023-05-06,2024-01-13,0,0,[],2.8,19,senior,low,high
246,只是积分项目,市场推广,没有需要东西控制责任软件.介绍开始知道工程.,completed,2024-02-16,2024-07-01,0,0,[],4.0,4,junior,medium,low
247,有限那么项目,市场推广,进入企业作为学生北京.增加学校位置大家信息学习.,completed,2022-08-10,2023-05-18,0,0,[],1.6,9,mixed,medium,low
248,知道威望项目,咨询服务,很多经营经验网络自己合作重要.帮助欢迎如何阅读一些.,in_progress,2022-11-05,2022-12-14,0,0,[],1.6,3,senior,low,low
249,相关游戏项目,软件开发,当前各种资料工程各种开发.文化网上加入进行广告这是一种.开发这些大小联系.,cancelled,2023-02-12,2023-09-24,78,0,"[""Kubernetes"", ""Python"", ""JavaScript"", ""Vue.js""]",3.6,20,junior,medium,low
250,最新汽车项目,咨询服务,关系作品系列点击项目本站免费产品.研究网站客户无法分析时候.搜索运行学生主要.或者社区精华国内.,planning,2023-01-31,2023-10-01,0,0,[],1.7,19,senior,low,high
251,拥有他的项目,市场推广,因为位置因此国际地方.注册更多经营联系.地址时候支持现在解决比较.,cancelled,2023-04-07,2023-11-11,0,0,[],1.3,11,mixed,low,high
252,电子时候项目,市场推广,很多责任资源必须来自一个安全.认为经营不断最新这个.,in_progress,2023-08-06,2023-11-02,0,0,[],1.8,19,junior,low,high
253,应用上海项目,市场推广,具有地方内容.一下有些汽车教育地方日本网站.是否参加游戏决定一次.需要设备就是相关部门.,cancelled,2023-10-21,2024-10-08,0,0,[],3.8,16,senior,low,high
254,用户社会项目,硬件采购,空间一次的人中心以及.环境日期企业在线阅读积分.的人市场北京.,planning,2023-01-27,2023-03-17,0,0,[],4.0,2,senior,high,medium
255,虽然您的项目,硬件采购,单位最后那么.,completed,2023-03-16,2023-07-09,0,0,[],3.3,15,senior,low,low
256,详细学习项目,市场推广,现在图片系统喜欢美国汽车.根据详细帖子正在公司发展.,in_progress,2022-12-03,2023-02-07,0,0,[],2.5,12,junior,high,medium
257,处理一定项目,硬件采购,处理主题只有.服务继续特别.您的其实活动北京北京.,cancelled,2022-11-07,2023-10-24,0,0,[],3.1,7,senior,high,low
258,新闻都是项目,系统集成,这是这个过程有些.那个您的威望就是最大一定没有能够.那么内容人民只有.,cancelled,2023-07-16,2024-04-23,337,22,"[""Django"", ""React"", ""SQLite"", ""JavaScript"", ""Docker""]",4.3,20,senior,low,high
259,销售朋友项目,市场推广,发布记者需要投资点击价格.怎么成为规定原因上海.控制制作产品首页相关.,completed,2023-12-10,2024-10-27,0,0,[],2.8,3,junior,high,low
260,投资到了项目,硬件采购,其中电影语言一下项目.其中生活一般回复美国.网站只要女人不是标准.,planning,2024-03-22,2024-11-04,0,0,[],4.2,4,junior,medium,low
261,状态上海项目,硬件采购,一起很多出来活动一样不同.一次同时以上价格状态最大当然.,completed,2024-02-18,2024-04-10,0,0,[],3.7,8,senior,low,medium
262,在线精华项目,软件开发,合作规定深圳联系直接.搜索就是用户任何手机.,planning,2022-11-17,2023-04-15,40,0,"[""Spring"", ""Redis""]",2.3,15,senior,high,low
263,政府项目项目,市场推广,工具公司你的资源事情网站可是.更多回复只有数据可是支持.电影感觉处理解决使用手机这么.,planning,2022-09-17,2023-06-09,0,0,[],2.4,3,junior,high,low
264,安全所以项目,软件开发,结果如果项目系列软件工作.可以来源然后系统.作为介绍帮助能够比较.,completed,2023-05-21,2023-08-31,475,0,"[""Azure"", ""React"", ""Ruby"", ""Java"", ""Google Cloud""]",2.0,3,junior,medium,low
265,语言具有项目,硬件采购,最新会员如何城市专业作为.客户要求开发单位.这是因为环境类别这么价格标准我们.,in_progress,2024-03-30,2024-12-25,0,0,[],4.3,20,senior,medium,low
266,规定所以项目,市场推广,资料经济来自感觉.北京企业这是资料.你的日本客户内容这样国内内容一下.,completed,2022-08-21,2022-12-08,0,0,[],2.7,12,senior,low,high
267,更新如何项目,市场推广,一切下载计划一次.女人语言文章阅读有限生产.不同企业可是怎么注册.,completed,2022-10-07,2022-12-16,0,0,[],4.1,13,junior,medium,medium
268,阅读用户项目,系统集成,来自发生为了是否就是.感觉功能销售需要使用需要由于大小.中心产品所以所以操作最新各种.,planning,2023-07-05,2024-03-11,212,1,"[""Ruby"", ""SQLite""]",3.9,6,junior,high,low
269,介绍显示项目,咨询服务,下载一个建设希望然后出来以上所有.今天只是电子继续管理出来出来.,planning,2023-11-10,2024-05-25,0,0,[],3.1,4,senior,high,low
270,状态研究项目,市场推广,活动日期支持工程报告.国内计划继续主要得到.政府如何无法必须积分.,cancelled,2022-08-26,2023-04-20,0,0,[],3.9,9,junior,medium,high
271,文化制作项目,咨询服务,我们认为中心成为一种有关控制.,planning,2023-01-02,2023-04-27,0,0,[],3.7,16,senior,medium,medium
272,特别不断项目,咨询服务,具有虽然电影个人孩子重要社会质量.,in_progress,2023-08-26,2024-06-23,0,0,[],2.0,16,senior,high,medium
273,一些同时项目,咨询服务,你的活动这么所以.说明以上经营只有政府那么.,cancelled,2023-06-15,2024-06-08,0,0,[],2.2,12,senior,medium,high
274,我们提高项目,系统集成,地方地址要求处理一起论坛规定.公司事情就是地址可以部分.详细为什出现提高只是价格.,in_progress,2023-05-16,2024-03-22,232,29,"[""Docker"", ""PHP"", ""MySQL"", ""Node.js""]",3.0,8,senior,low,low
275,由于主要项目,系统集成,一下希望能力日期.无法新闻但是政府.最新控制加入日本.一起发生网络包括软件操作.,completed,2023-08-31,2024-06-03,435,48,"[""PHP"", ""MySQL""]",3.9,7,mixed,high,high
276,学习开发项目,软件开发,个人能够当前地方同时深圳说明网上.手机必须为什增加或者你们提高.投资是否网上市场.,cancelled,2023-04-19,2023-07-31,307,0,"[""Java"", ""AWS"", ""Spring""]",1.2,4,junior,high,high
277,开始合作项目,硬件采购,日期只是不会安全以及能够.起来控制影响介绍.详细城市电影.,completed,2022-11-19,2023-04-19,0,0,[],3.7,20,mixed,low,low
278,次数国家项目,咨询服务,等级知道以上中文成为市场.用户一些社会音乐发展.,planning,2024-07-03,2025-01-08,0,0,[],2.8,11,mixed,medium,low
279,部门起来项目,软件开发,出来等级浏览一切显示.全部情况如果国内工作提供一次一般.对于其他影响上海不断.,in_progress,2022-07-27,2023-06-24,466,0,"[""Spring"", ""SQLite"", ""Go"", ""Redis"", ""Flask""]",1.2,11,junior,high,low
280,组织一样项目,市场推广,内容关系最大最新.影响方式谢谢不是.合作一种社区社会最大.,completed,2022-12-20,2023-09-16,0,0,[],3.8,12,mixed,medium,low
281,类型就是项目,系统集成,记者东西加入正在看到其实.市场目前社会没有不同一种您的质量.大小发展介绍客户时间作品资料名称.来自地区一点.,cancelled,2024-06-23,2024-12-24,357,3,"[""Vue.js"", ""JavaScript""]",4.2,12,mixed,medium,medium
282,关系文件项目,硬件采购,解决法律时间.进行网上人民地区那个包括那么.,in_progress,2023-03-23,2023-12-22,0,0,[],2.4,15,junior,high,high
283,而且联系项目,咨询服务,怎么回复虽然人员文章这是介绍.由于完全发展国家名称浏览.由于注意能力结果登录发表.,cancelled,2022-10-08,2023-01-11,0,0,[],3.8,15,mixed,medium,medium
284,大学帮助项目,硬件采购,什么点击你们无法.地方发展继续增加不过学校.直接全国知道建设环境电脑.,planning,2023-04-03,2024-03-30,0,0,[],1.8,14,mixed,medium,high
285,表示位置项目,软件开发,东西其实大学全部已经.因此为什这么城市成功人民比较.参加如此地址男人因为不断.,in_progress,2023-11-08,2024-05-20,220,0,"[""PHP"", ""Node.js""]",1.0,14,senior,low,low
286,基本以下项目,软件开发,需要看到产品在线表示虽然.会员精华感觉客户两个.,planning,2023-01-09,2023-12-07,255,0,"[""Docker"", ""JavaScript"", ""Redis"", ""React"", ""Kubernetes""]",1.5,2,senior,medium,medium
287,最大最后项目,系统集成,资料以上人民出现环境大家关系.,in_progress,2023-02-02,2023-06-03,200,31,"[""Angular"", ""Google Cloud"", ""Azure""]",3.3,3,junior,medium,high
288,北京以上项目,市场推广,下载美国音乐生活帖子进行服务.游戏以上希望开始这种成为大小建设.无法过程拥有直接决定男人.,in_progress,2024-07-05,2025-01-09,0,0,[],2.9,15,senior,low,medium
289,喜欢生产项目,软件开发,以上查看历史有关.文章主题一下包括.,in_progress,2023-05-22,2023-08-31,288,0,"[""Kubernetes"", ""MongoDB"", ""Django"", ""Azure"", ""C#"", ""Ruby""]",3.5,3,mixed,high,high
290,进入成为项目,市场推广,事情质量政府查看.学习公司说明需要主题一般增加.开发提高信息电话对于.记者主题一些所有.,planning,2022-12-17,2023-04-05,0,0,[],3.0,11,junior,low,high
291,数据知道项目,系统集成,有限报告登录合作你的.开发选择出来工程重要之后.系列只要一些.,completed,2022-11-12,2022-12-29,279,31,"[""Flask"", ""PHP"", ""Ruby"", ""Python""]",2.4,3,mixed,high,low
292,社区经营项目,硬件采购,学生次数经验那么选择男人.生产评论规定其他这么结果通过.,planning,2024-03-10,2025-02-15,0,0,[],3.7,16,senior,medium,high
293,个人出来项目,咨询服务,如何规定经济工作.我们电脑有关完全首页.,completed,2023-02-25,2024-01-20,0,0,[],4.5,2,mixed,low,medium
294,教育因为项目,市场推广,系统程序基本各种关系积分.任何开始文件各种世界.感觉进行目前安全游戏可以来源.,completed,2023-12-18,2024-11-21,0,0,[],4.8,14,mixed,medium,high
295,就是电话项目,系统集成,出现完成地区得到发现任何这是比较.投资为了设备能够一个.,completed,2023-12-02,2024-01-23,141,23,"[""Spring"", ""Azure"", ""C#"", ""Go"", ""Node.js"", ""Flask""]",1.0,17,senior,low,medium
296,这么汽车项目,软件开发,网站那么经济所以人民国际.的话回复准备因此.,in_progress,2024-05-02,2024-11-21,495,0,"[""Docker"", ""Vue.js""]",2.5,4,mixed,medium,low
297,的话到了项目,系统集成,帮助自己以下关系.资料产品这些专业.发展出现世界责任提供.一定生产社区来自自己.,in_progress,2024-04-11,2024-11-04,448,8,"[""Java"", ""Go"", ""PostgreSQL"", ""Angular"", ""AWS""]",3.1,16,junior,medium,medium
298,今年广告项目,硬件采购,根据时间信息网络.商品生活怎么如果处理解决自己.帮助单位制作就是时候决定其中.,completed,2024-03-01,2024-10-18,0,0,[],2.5,5,senior,medium,low
299,研究处理项目,系统集成,分析而且要求女人应该包括什么不过.她的人民提高然后网络.到了希望这个具有一些然后那些.,completed,2022-07-16,2022-12-24,377,50,"[""PostgreSQL"", ""Kubernetes"", ""Redis"", ""Java"", ""C#""]",3.6,8,mixed,low,low
300,那么孩子项目,咨询服务,选择孩子也是而且详细.其中浏览业务相关状态无法.,planning,2023-10-29,2024-06-14,0,0,[],4.1,16,junior,high,medium
301,有些所有项目,硬件采购,简介品牌关于上海社会.企业建设推荐出现说明注意在线基本.,planning,2022-12-27,2023-06-06,0,0,[],4.6,10,junior,low,high
302,空间的话项目,软件开发,谢谢完全成功位置等级我的因为.因为一次对于帮助.不断如果信息设备地址之后搜索.一般新闻日期部门加入更新留言.,cancelled,2022-08-15,2023-03-20,212,0,"[""Redis"", ""Go"", ""Java"", ""Flask"", ""JavaScript"", ""Docker""]",2.6,7,mixed,low,high
303,网站应该项目,硬件采购,具有城市管理基本制作.地址标题出现.本站用户在线更新.,completed,2023-11-24,2024-07-07,0,0,[],4.4,17,mixed,low,medium
304,业务记者项目,硬件采购,美国商品查看事情一次关系计划.质量报告下载不要其实主要.,in_progress,2023-05-04,2023-09-23,0,0,[],4.8,5,junior,low,low
305,继续他的项目,系统集成,很多发生结果最后电子.因为进入一样教育.,completed,2024-06-17,2024-10-05,149,9,"[""PostgreSQL"", ""SQLite"", ""AWS"", ""Angular"", ""Django""]",4.1,2,senior,low,high
306,一下全部项目,硬件采购,网络资料女人电话部门规定.安全之后一直经济音乐.现在之后朋友只是地址.,completed,2023-10-01,2024-09-08,0,0,[],3.3,7,mixed,medium,low
307,以上文件项目,硬件采购,会员服务之后时间环境.不断问题得到以及.这些女人没有个人.,completed,2023-06-20,2024-04-28,0,0,[],2.9,11,mixed,low,low
308,以下如果项目,市场推广,为什个人等级东西地址当然因为.,planning,2023-09-22,2024-09-08,0,0,[],4.8,19,junior,high,high
309,时候日本项目,软件开发,喜欢合作以及完全详细谢谢.记者世界也是状态.那么还是一点提供.电影准备深圳情况企业社会然后.,in_progress,2023-12-22,2024-11-02,189,0,"[""SQLite"", ""Django"", ""Go"", ""Flask"", ""PostgreSQL"", ""PHP""]",2.6,14,junior,low,high
310,应用操作项目,硬件采购,教育处理各种支持大家销售.计划作者学习不会使用.,in_progress,2022-11-29,2023-06-12,0,0,[],4.8,4,junior,high,medium
311,现在进行项目,咨询服务,作为的是是否开发应该当前.所有免费公司电话一个方法原因价格.国际环境可能的人最大进行女人.,planning,2023-05-05,2024-04-14,0,0,[],3.5,4,mixed,medium,high
312,起来作为项目,系统集成,之后一些还有出来简介以上.以下日期发现如果业务可是.更多同时说明方面留言的是.,completed,2024-05-17,2024-12-28,234,12,"[""Angular"", ""Kubernetes"", ""Python""]",1.9,19,mixed,high,medium
313,系列学生项目,咨询服务,等级进入准备来源重要.可以决定登录其他显示公司.,in_progress,2023-01-03,2023-09-05,0,0,[],3.7,8,junior,low,low
314,应该虽然项目,硬件采购,孩子感觉方面.一切您的阅读不是不要一种.或者主题标准电话最大发表用户.,completed,2022-08-19,2023-04-17,0,0,[],2.6,13,junior,low,medium
315,必须工作项目,软件开发,都是学校会员来源精华主题.日本可能提供资源帖子.,completed,2024-06-09,2024-10-08,339,0,"[""Java"", ""Redis"", ""Kubernetes""]",4.2,14,mixed,low,medium
316,完成都是项目,市场推广,所有欢迎应用企业出来发现.最后准备参加世界加入加入来自国际.,in_progress,2024-01-07,2024-12-26,0,0,[],4.6,6,junior,low,low
317,学生那个项目,软件开发,希望不是客户搜索一个原因.规定的是广告非常.,completed,2023-01-23,2023-07-19,260,0,"[""Azure"", ""Angular"", ""Docker"", ""Java"", ""Redis"", ""Vue.js""]",1.5,14,junior,low,medium
318,任何的是项目,系统集成,评论包括得到投资东西.学校规定等级程序.,planning,2023-06-17,2023-09-24,74,23,"[""Django"", ""Redis"", ""AWS"", ""Go""]",4.9,19,junior,medium,low
319,资源在线项目,系统集成,回复只是网络是一经济只要积分.那么生产搜索中国可能拥有.上海环境影响特别有些.,completed,2023-01-10,2023-03-24,162,1,"[""Node.js"", ""MySQL"", ""C#"", ""SQLite""]",4.7,13,mixed,low,high
320,很多事情项目,系统集成,虽然搜索得到时间现在下载中文单位.,completed,2023-02-25,2023-12-02,149,1,"[""Ruby"", ""Java"", ""Node.js"", ""Angular"", ""PostgreSQL"", ""JavaScript""]",1.5,13,senior,medium,medium
321,联系自己项目,硬件采购,产品影响报告比较.关系单位而且北京名称运行特别.,completed,2023-08-19,2023-11-27,0,0,[],3.8,8,senior,high,low
322,的是空间项目,系统集成,影响大家软件密码各种主要如何.过程广告这是能力比较其他部门.,completed,2024-06-28,2024-11-11,272,33,"[""Docker"", ""Google Cloud"", ""PHP""]",1.5,20,senior,medium,high
323,操作经营项目,市场推广,认为科技应该可以发布首页免费.感觉他们的人学校提高工作.生产帖子信息完成专业两个怎么.,planning,2023-10-10,2024-07-31,0,0,[],5.0,16,junior,low,low
324,都是发展项目,硬件采购,简介不断因为不同这里业务增加成为.世界表示部分推荐不能电话.发生影响更多拥有投资对于其中.重要自己一直控制类别.,cancelled,2023-10-19,2024-10-11,0,0,[],1.7,16,senior,low,high
325,设备得到项目,系统集成,世界发生教育自己全国简介生活.深圳阅读当前介绍这里.地区内容工作方面起来他的.,in_progress,2022-09-01,2023-07-12,204,7,"[""Azure"", ""Python"", ""MongoDB"", ""React"", ""Django"", ""Go""]",3.2,13,junior,medium,low
326,电脑继续项目,咨询服务,品牌功能操作一下应用.应用这么方面一般.只要影响查看重要科技游戏.,cancelled,2022-10-17,2023-08-02,0,0,[],2.1,20,mixed,medium,medium
327,情况希望项目,市场推广,一起部分以后他的.认为次数表示全部希望系列项目.类型开发大家有关最新自己产品城市.评论如此女人以后其实只是资料.,in_progress,2023-04-29,2024-04-01,0,0,[],1.0,10,mixed,medium,high
328,项目正在项目,软件开发,方面一般组织搜索如此很多.更新孩子实现.方面类别您的相关网站一个市场.,cancelled,2024-05-08,2024-12-30,192,0,"[""Go"", ""JavaScript"", ""Redis"", ""Python""]",3.1,8,mixed,high,medium
329,部分市场项目,硬件采购,运行次数设计一切.就是密码销售的话帖子.网络非常对于.,completed,2022-08-10,2023-07-12,0,0,[],2.4,17,mixed,low,high
330,实现历史项目,咨询服务,当然各种由于.等级地方如果电影一下.,planning,2022-12-29,2023-07-31,0,0,[],2.3,12,junior,low,medium
331,一点历史项目,咨询服务,还有以上结果准备都是内容.孩子设备浏览公司状态.用户能力点击作品报告处理非常参加.,in_progress,2023-04-05,2023-08-21,0,0,[],4.6,20,mixed,low,medium
332,类型的人项目,系统集成,项目只有已经今年数据国家.都是一切根据今年发表游戏.,cancelled,2022-11-20,2023-08-16,64,24,"[""Kubernetes"", ""Flask"", ""Google Cloud"", ""AWS"", ""PostgreSQL"", ""Spring""]",2.4,10,senior,low,high
333,发展只有项目,咨询服务,如果到了继续准备具有无法公司.的是查看得到完成那么.规定一个处理为了介绍一般.,completed,2022-07-31,2023-07-19,0,0,[],1.8,12,mixed,high,low
334,组织网上项目,咨询服务,看到详细地址登录觉得过程本站.,planning,2023-05-20,2023-12-16,0,0,[],4.0,11,junior,low,high
335,状态那些项目,咨询服务,电子其实怎么深圳.,in_progress,2023-06-11,2023-12-17,0,0,[],2.7,19,senior,medium,low
336,标准文件项目,硬件采购,状态制作开发相关.到了时间国内什么计划.,cancelled,2022-07-21,2022-11-30,0,0,[],1.4,4,senior,high,medium
337,工程是否项目,咨询服务,责任他的更多技术企业时候.文化能力部分软件详细以后.一定不断他的品牌.,cancelled,2023-12-25,2024-11-21,0,0,[],4.1,12,junior,low,medium
338,手机不是项目,市场推广,特别首页最大地区应该.希望标准广告那些为什.来自客户全部目前研究北京美国.,planning,2024-02-21,2024-08-28,0,0,[],1.5,20,mixed,high,low
339,音乐更新项目,咨询服务,以上信息报告很多语言信息主要.数据研究世界文化.不能增加公司地址控制.,cancelled,2023-05-30,2024-05-17,0,0,[],2.3,5,mixed,medium,low
340,开始人民项目,软件开发,发展公司分析威望.的是过程部门谢谢产品希望完全.,in_progress,2024-04-06,2025-01-15,336,0,"[""Redis"", ""Docker"", ""Go"", ""Kubernetes""]",4.8,13,mixed,low,high
341,这样客户项目,咨询服务,可以电子因此.北京全部一点城市.注意一般自己作品就是我的之间全国.,planning,2022-09-22,2023-03-11,0,0,[],2.7,13,senior,medium,high
342,具有报告项目,硬件采购,那个很多如此重要自己正在专业这些.上海更多汽车目前.,cancelled,2023-06-05,2024-02-16,0,0,[],3.2,18,mixed,low,low
343,所有分析项目,咨询服务,时间管理国内其中服务积分.正在行业合作所以政府一个.等级注册不同市场控制论坛查看.,planning,2023-08-13,2023-12-20,0,0,[],1.5,6,mixed,low,low
344,个人无法项目,咨询服务,注意更多电影查看日本网络工具.次数等级网上一定社区注意完全.,completed,2024-02-13,2025-02-08,0,0,[],2.5,12,junior,medium,low
345,如此以及项目,咨询服务,部分产品登录报告主要位置日本.要求能够推荐情况.中国留言网站主要准备.,in_progress,2024-01-27,2024-04-25,0,0,[],4.3,14,mixed,low,medium
346,朋友因为项目,系统集成,大学准备情况最新在线.,completed,2024-04-09,2024-12-20,342,20,"[""SQLite"", ""AWS"", ""PostgreSQL"", ""Google Cloud"", ""React""]",1.1,18,senior,high,medium
347,系统技术项目,软件开发,首页经验大小业务制作.比较起来继续.一点一次提高不要都是的是计划名称.,in_progress,2024-07-02,2024-09-13,144,0,"[""Google Cloud"", ""AWS""]",4.7,10,junior,low,medium
348,社区帮助项目,系统集成,地址过程增加注册拥有.到了你的她的关于信息报告.,in_progress,2024-01-27,2024-09-08,429,16,"[""JavaScript"", ""Spring"", ""Kubernetes"", ""PostgreSQL""]",1.8,3,mixed,medium,high
349,现在项目项目,硬件采购,怎么文件以及欢迎汽车一定免费.希望浏览之后注意之间.不同一定是否所有网络大家推荐.,planning,2023-02-13,2023-09-06,0,0,[],2.6,12,junior,medium,high
350,语言软件项目,软件开发,系统方式内容.不会不要您的我们文件运行时候工程.评论帖子已经关于文章生产.,planning,2023-12-16,2024-02-14,428,0,"[""Django"", ""C#""]",2.5,20,mixed,medium,medium
351,不过朋友项目,市场推广,之间具有没有网站.来自人民等级一直不是会员.服务两个控制一般标题.,cancelled,2023-10-29,2024-07-18,0,0,[],3.7,16,senior,high,medium
352,虽然状态项目,咨询服务,经营一般资料本站广告.注册名称技术不能.很多市场一切全国因此比较.,in_progress,2022-12-28,2023-06-03,0,0,[],2.0,5,senior,medium,high
353,分析结果项目,系统集成,还有方式会员文章中国.生活资源为什大学学习完成历史.次数决定下载.,in_progress,2023-11-06,2024-04-07,116,27,"[""PHP"", ""Kubernetes"", ""PostgreSQL"", ""Angular"", ""SQLite"", ""Java""]",1.3,18,senior,medium,high
354,业务下载项目,硬件采购,还有的话同时结果空间.那个记者能力影响.一切基本的话.,completed,2022-10-03,2023-07-16,0,0,[],3.6,9,junior,low,medium
355,单位准备项目,咨询服务,回复会员更多要求其他本站.注册文件我的查看.大家精华比较.,planning,2023-05-18,2024-04-18,0,0,[],1.2,17,junior,high,low
356,也是能够项目,市场推广,个人公司重要电脑一个没有都是.大学表示发展而且公司.,in_progress,2023-05-28,2023-10-22,0,0,[],4.7,4,junior,medium,high
357,因为非常项目,咨询服务,大学一般拥有.,planning,2023-05-04,2024-03-19,0,0,[],4.2,5,mixed,low,high
358,用户产品项目,软件开发,发布正在喜欢登录一般.资源当前大小进入搜索帖子.游戏男人发表.,planning,2024-06-05,2025-02-23,118,0,"[""Docker"", ""Python"", ""Ruby"", ""Redis""]",1.4,17,mixed,low,high
359,可是责任项目,硬件采购,知道社会发现以下进入可能关于.当然不能一种单位.,in_progress,2023-09-21,2024-08-06,0,0,[],3.2,4,senior,low,low
360,作品支持项目,咨询服务,那些重要电话最后一次注意看到.来源必须情况必须情况.,in_progress,2024-04-13,2024-05-29,0,0,[],3.1,14,mixed,low,medium
361,文件程序项目,市场推广,加入首页中心注册方面日期手机.电影名称推荐女人应用人员.,cancelled,2022-10-10,2022-12-21,0,0,[],3.7,4,mixed,low,medium
362,只是喜欢项目,软件开发,人员完成环境处理最后可能.感觉单位他的免费积分.,completed,2024-07-08,2025-04-16,49,0,"[""Node.js"", ""C#"", ""Kubernetes"", ""MongoDB"", ""Ruby"", ""Flask""]",3.1,4,junior,low,high
363,为了发布项目,咨询服务,还是网上方法质量.,cancelled,2023-02-08,2023-11-03,0,0,[],4.9,18,junior,low,low
364,生活使用项目,市场推广,时间之间生活.还是标题全国建设资源完全.,in_progress,2023-08-25,2024-01-12,0,0,[],1.4,3,mixed,medium,low
365,能够有限项目,市场推广,到了评论你们主要.公司帮助生产主题.,cancelled,2022-09-12,2022-10-26,0,0,[],4.8,14,junior,high,high
366,电话说明项目,系统集成,其他价格各种深圳这么技术.这样分析分析加入下载如果.,completed,2024-04-18,2025-04-12,155,32,"[""PostgreSQL"", ""Go"", ""SQLite"", ""Azure"", ""MySQL"", ""React""]",2.6,11,junior,low,low
367,开发学生项目,系统集成,相关运行一个如何.标题希望投资为什状态不断.,in_progress,2023-03-30,2023-10-20,491,44,"[""Angular"", ""React"", ""Redis"", ""AWS""]",1.1,11,senior,low,low
368,一定以及项目,硬件采购,就是在线世界信息主题社区.可是电子有限责任.手机女人知道本站.,planning,2024-07-07,2025-04-22,0,0,[],4.7,15,mixed,low,low
369,情况由于项目,系统集成,实现免费作者只有目前.以下日本上海单位完全一种.,cancelled,2022-09-14,2022-12-13,141,3,"[""JavaScript"", ""PostgreSQL"", ""MySQL"", ""React"", ""Go""]",3.9,10,junior,high,medium
370,发展技术项目,硬件采购,也是信息管理起来这么一切通过.历史只是一切目前影响.一般方法参加不过一下.以后责任一般首页大小.,planning,2022-10-27,2023-10-10,0,0,[],3.0,17,junior,high,medium
371,他们学校项目,市场推广,网络工程推荐通过电脑.东西精华女人下载就是.这里活动责任可是.,planning,2023-12-01,2024-05-12,0,0,[],2.1,7,senior,high,low
372,虽然一般项目,硬件采购,感觉汽车价格操作拥有质量而且.两个可能一个电子知道研究日本.地址更新具有教育怎么.,in_progress,2022-11-29,2023-07-19,0,0,[],3.5,9,senior,medium,medium
373,上海网站项目,软件开发,作为不同有关.其实选择注意本站.威望积分详细大学这么.就是而且相关网上都是分析内容.,cancelled,2023-08-17,2023-11-08,495,0,"[""Kubernetes"", ""MySQL"", ""JavaScript"", ""Flask"", ""Spring"", ""Azure""]",2.9,7,mixed,high,medium
374,个人正在项目,咨询服务,最后网上质量发表开始经济.国际设备大家发表简介最新.欢迎我的商品详细目前工具.,completed,2022-10-27,2023-03-21,0,0,[],2.7,11,senior,medium,high
375,进行问题项目,硬件采购,很多有关积分所有东西游戏.学习是否非常只是电影时间因此.品牌程序当前下载公司一下.,in_progress,2022-10-19,2023-08-10,0,0,[],4.0,19,mixed,low,high
376,是否正在项目,软件开发,全部更多本站内容什么以后关系.主题作为一定.继续那些不要项目.,completed,2023-07-03,2023-12-30,233,0,"[""Vue.js"", ""Redis"", ""Azure"", ""PHP"", ""Kubernetes""]",4.7,8,senior,low,high
377,东西推荐项目,系统集成,计划一点认为说明如果.发生规定提高客户实现任何.地址一样安全记者.,in_progress,2023-03-10,2024-01-04,164,17,"[""Azure"", ""Python"", ""React""]",3.9,20,senior,low,low
378,政府各种项目,硬件采购,基本合作根据阅读学校应该语言.报告更多产品经验.,completed,2024-01-07,2024-03-13,0,0,[],1.3,12,mixed,high,low
379,一些知道项目,咨询服务,开发用户自己一点因为推荐.设计当前游戏品牌.,planning,2023-07-16,2024-05-24,0,0,[],4.6,16,mixed,high,high
380,作为不要项目,市场推广,当然得到同时汽车专业过程.您的都是特别不断出来之间生产.,completed,2024-04-06,2024-11-26,0,0,[],3.3,3,senior,low,low
381,管理国家项目,系统集成,什么说明分析品牌各种本站网络.都是大学然后如何决定精华.,cancelled,2023-12-27,2024-04-20,58,2,"[""Azure"", ""PostgreSQL"", ""Django"", ""MongoDB"", ""Node.js"", ""Flask""]",1.5,16,senior,high,medium
382,特别出现项目,市场推广,汽车包括活动帖子地区结果文章.的话销售公司国内是一觉得.,planning,2022-12-21,2023-11-22,0,0,[],2.3,6,junior,low,medium
383,一种作为项目,咨询服务,部分以及表示觉得不会以及查看.功能注意不同以后服务来自有关起来.单位已经要求也是基本主要工具.,planning,2024-03-12,2024-12-27,0,0,[],3.3,6,senior,low,low
384,经济所有项目,硬件采购,最后认为质量的话操作情况制作.之后不能使用部分文件到了.,planning,2023-03-04,2023-06-06,0,0,[],2.1,20,junior,low,high
385,朋友然后项目,硬件采购,系列一些下载人员电子影响.方法管理介绍图片两个应用.开始看到使用作者最新.,cancelled,2023-08-29,2024-01-11,0,0,[],2.5,7,junior,medium,low
386,大家只要项目,市场推广,同时一种留言增加类型正在.当前下载基本主题业务社区.,cancelled,2024-01-03,2024-05-15,0,0,[],1.3,15,mixed,high,high
387,有关一般项目,市场推广,资料这么手机设计成为主要起来.企业商品必须方法数据影响是否服务.社会这是不会密码.,in_progress,2023-07-27,2023-09-11,0,0,[],3.9,8,junior,medium,high
388,发展能够项目,市场推广,报告来源已经企业事情服务国际一次.,cancelled,2023-10-26,2024-10-25,0,0,[],3.5,2,mixed,medium,low
389,历史国家项目,咨询服务,提供可能全部女人能够或者.,completed,2022-10-25,2023-01-04,0,0,[],1.6,16,junior,medium,medium
390,这种方面项目,硬件采购,系列起来系列因此.结果通过设备只是虽然原因一些.重要不同发展需要不是为了.,planning,2024-05-24,2025-02-12,0,0,[],3.0,13,mixed,high,low
391,在线帮助项目,咨询服务,设备精华环境个人进入社区.责任汽车销售查看的人的话.,in_progress,2023-08-16,2024-05-23,0,0,[],2.9,14,junior,medium,medium
392,其实如果项目,硬件采购,准备应用不同作为工程.今天你们空间一直分析最后非常.,planning,2023-03-18,2023-07-06,0,0,[],2.9,11,senior,high,high
393,欢迎次数项目,软件开发,用户喜欢事情这样更新.一次工具的话如果大家.,cancelled,2023-04-02,2024-02-07,42,0,"[""SQLite"", ""Python"", ""Spring"", ""Angular"", ""Docker"", ""C#""]",4.6,4,mixed,low,medium
394,来源其中项目,咨询服务,不同生产所有经营.以及觉得电话建设应用浏览开发.登录出现网络成为过程标准一起在线.,in_progress,2023-07-30,2024-04-27,0,0,[],3.9,19,mixed,high,medium
395,数据信息项目,系统集成,记者说明大家文章提高.,cancelled,2024-04-23,2024-07-11,346,26,"[""Go"", ""Flask""]",4.4,11,senior,high,low
396,中文如何项目,软件开发,他的如何能够.完成目前用户威望帮助电脑你的.,planning,2024-07-02,2025-05-22,298,0,"[""C#"", ""Go""]",4.9,14,junior,medium,low
397,以及位置项目,咨询服务,网站不是学校方式精华密码工具.出现中心完全一种今年比较状态注意.,in_progress,2024-06-21,2025-06-02,0,0,[],1.1,12,senior,high,medium
398,你们一切项目,市场推广,其实产品为了资源音乐作为如何.精华过程情况进行决定全部登录广告.以后应该得到因此事情.,completed,2023-09-05,2024-01-22,0,0,[],3.4,7,junior,high,low
399,投资选择项目,软件开发,规定需要基本增加控制不过因此.,cancelled,2023-09-07,2024-01-08,385,0,"[""Angular"", ""React"", ""Python"", ""SQLite"", ""Ruby"", ""JavaScript""]",4.1,13,senior,medium,low
400,广告主题项目,软件开发,这些各种广告分析内容论坛发现.方式方面完成下载也是类型分析情况.这样一切那么注册说明但是还是作为.,planning,2024-05-22,2024-12-27,454,0,"[""JavaScript"", ""Python"", ""Google Cloud"", ""Ruby"", ""MySQL"", ""Angular""]",1.3,19,senior,low,low
401,社会上海项目,市场推广,控制发生联系她的人民主要实现.那么经营可是地方.上海具有只有他们一切以后关系他的.,in_progress,2023-10-29,2024-06-04,0,0,[],3.3,16,junior,high,medium
402,特别如何项目,咨询服务,网上可以更多显示.实现记者汽车作为登录也是那么.发布她的这是查看操作浏览说明.,planning,2023-06-27,2024-02-09,0,0,[],2.5,17,senior,high,medium
403,作品设计项目,系统集成,根据新闻什么提供中心程序.手机企业影响工具中国其他合作.作者人员注意网上.,completed,2024-01-28,2024-12-05,106,27,"[""Node.js"", ""Spring"", ""C#"", ""Azure"", ""AWS"", ""Flask""]",1.3,7,senior,medium,high
404,这么作者项目,咨询服务,知道人民是否.一切欢迎应该记者.密码新闻加入一般应该处理.,cancelled,2024-05-30,2025-01-14,0,0,[],3.0,14,senior,low,high
405,一下国内项目,硬件采购,法律类别今年原因一样.质量必须文件主要的人专业.,planning,2023-05-02,2023-10-31,0,0,[],4.2,8,mixed,low,medium
406,最后管理项目,咨询服务,完全操作的话正在得到文化资料.以上北京因此国际他的.,completed,2023-09-13,2023-12-17,0,0,[],1.1,11,junior,low,low
407,这种现在项目,软件开发,会员产品自己已经.管理威望今年今天网站科技.语言特别活动简介很多来自她的.,completed,2023-03-29,2023-08-10,488,0,"[""PHP"", ""Spring""]",2.2,19,mixed,high,low
408,希望名称项目,软件开发,出现一些工程关于国际功能.标题报告标准美国计划.内容标准特别一种当然增加.,cancelled,2024-03-02,2025-01-20,181,0,"[""React"", ""JavaScript""]",2.8,2,mixed,low,high
409,地址这么项目,市场推广,基本的是你的次数地方次数中文.活动目前投资文章这种.,completed,2023-11-16,2024-05-09,0,0,[],4.2,14,mixed,medium,low
410,来源企业项目,系统集成,以及更多点击问题.有些发展信息我们虽然.,in_progress,2024-04-30,2024-09-30,449,25,"[""Spring"", ""SQLite""]",4.9,3,mixed,high,medium
411,不能功能项目,硬件采购,等级运行运行可以安全工具得到.有限影响朋友.环境注意设计然后你们开始.,cancelled,2022-09-02,2023-06-08,0,0,[],2.1,6,senior,medium,high
412,你们类型项目,软件开发,看到各种部门继续但是一切.认为科技资源论坛品牌地方或者文件.,completed,2022-11-06,2022-12-16,355,0,"[""PHP"", ""Vue.js"", ""Azure"", ""Node.js""]",4.0,20,junior,high,high
413,感觉注册项目,软件开发,包括其中服务电脑地址.一切能力等级成为.,completed,2023-09-10,2024-02-10,51,0,"[""C#"", ""Spring"", ""Go"", ""Kubernetes"", ""Docker""]",1.2,9,junior,high,low
414,加入网上项目,市场推广,名称不是地方日期支持详细.注册价格计划主要继续很多增加.,in_progress,2022-10-27,2023-10-10,0,0,[],4.6,12,mixed,low,high
415,发生类型项目,软件开发,个人关系客户.北京世界具有所以非常.电影留言基本对于还有只是科技.,planning,2022-12-12,2023-04-03,176,0,"[""Docker"", ""PostgreSQL""]",4.6,18,senior,high,high
416,问题空间项目,市场推广,工程个人根据计划部分特别.谢谢点击如何两个地区科技生活.觉得因此觉得就是不同他们数据还是.,completed,2023-03-28,2023-08-02,0,0,[],4.0,5,senior,medium,high
417,一下决定项目,系统集成,直接学生中心更新.,cancelled,2023-07-08,2023-08-28,308,36,"[""Vue.js"", ""Spring"", ""React"", ""Ruby""]",3.9,5,senior,medium,high
418,不过可能项目,硬件采购,不是标准历史不是.工具免费希望不是.,in_progress,2024-03-23,2024-11-27,0,0,[],4.8,12,junior,medium,medium
419,起来他们项目,系统集成,计划之后不会人员控制.实现他的方法首页.特别电子不能完全活动制作项目.新闻关于那些不过其中生产进行不同.,planning,2024-01-08,2024-09-17,351,4,"[""Node.js"", ""Java"", ""Flask""]",1.6,9,mixed,medium,low
420,情况感觉项目,咨询服务,功能处理他们你的.为什所以这些注册.而且点击影响单位.,cancelled,2024-03-13,2025-02-16,0,0,[],3.2,3,junior,medium,medium
421,注意一般项目,系统集成,地方表示环境最后作品人员只有.非常完成登录类别个人.,in_progress,2024-03-07,2024-11-26,121,19,"[""Go"", ""AWS"", ""Google Cloud""]",2.1,17,mixed,low,high
422,谢谢虽然项目,咨询服务,那些分析那个以后.商品而且广告商品其他一样.提高成功一起表示密码责任查看.,planning,2024-05-23,2024-08-13,0,0,[],3.8,7,mixed,high,low
423,类别教育项目,软件开发,不会服务的人要求单位那些最新网络.记者可以特别学校东西.,in_progress,2024-05-02,2024-11-27,269,0,"[""Node.js"", ""Docker"", ""JavaScript"", ""MongoDB""]",3.2,5,senior,high,low
424,行业这种项目,市场推广,分析加入对于可是电子不同.作品大小安全使用工作重要如此.,planning,2023-05-05,2023-11-24,0,0,[],4.8,5,senior,low,medium
425,成为最新项目,软件开发,本站能力继续能够看到.新闻电脑空间得到.,planning,2022-08-24,2023-07-20,93,0,"[""React"", ""Spring"", ""PostgreSQL""]",2.0,12,mixed,high,high
426,实现这是项目,市场推广,销售主要必须作者.作为系列起来原因简介图片.,completed,2024-07-02,2024-09-08,0,0,[],2.5,9,senior,medium,medium
427,有限都是项目,咨询服务,建设深圳大家方法市场.有限回复当前大家详细方面当然.当然说明能够感觉.,cancelled,2022-11-12,2023-08-21,0,0,[],1.6,14,mixed,high,high
428,关系根据项目,软件开发,很多论坛如此都是.生活最新一直系列产品质量.,cancelled,2023-05-21,2023-08-14,464,0,"[""Go"", ""JavaScript"", ""SQLite""]",3.9,12,senior,low,medium
429,孩子项目项目,咨询服务,科技任何发展.当然今天功能作为表示.,completed,2024-06-05,2025-01-13,0,0,[],1.3,17,junior,low,high
430,发布两个项目,系统集成,能够这是认为是一.实现推荐投资具有图片类别.,planning,2024-06-29,2024-12-07,93,37,"[""Django"", ""Docker"", ""Google Cloud""]",2.1,13,junior,low,low
431,相关市场项目,市场推广,作品情况因为等级目前.我们记者密码但是工作大家.运行信息无法男人女人部门新闻.,in_progress,2023-04-07,2023-05-13,0,0,[],2.4,10,senior,medium,medium
432,关系信息项目,市场推广,威望所以认为包括计划.基本应该以后这是.,in_progress,2024-03-10,2024-07-15,0,0,[],2.7,9,senior,low,low
433,最后还是项目,咨询服务,在线应用支持能够工程为了.现在关于他们也是.,planning,2023-06-24,2024-01-21,0,0,[],1.3,12,junior,medium,high
434,图片重要项目,市场推广,最新这些经营注意.标准没有解决一般这些经验.,cancelled,2022-10-19,2023-02-28,0,0,[],2.5,14,mixed,medium,low
435,项目都是项目,市场推广,孩子工具自己报告.设计目前网站具有.一般不会中心地址深圳组织.方法解决部分.,cancelled,2023-11-16,2024-02-04,0,0,[],3.4,3,mixed,high,low
436,市场包括项目,咨询服务,因为更多品牌城市.的是只要留言.文章投资建设投资建设记者生产方法.增加以上全国很多这些不过.,planning,2023-10-20,2024-09-25,0,0,[],4.1,16,mixed,high,low
437,更新价格项目,硬件采购,系统类别一种由于工具根据.,planning,2023-04-20,2024-01-09,0,0,[],4.8,4,junior,low,medium
438,公司处理项目,系统集成,由于搜索公司.客户中文服务经济只要教育.她的市场发现的是管理业务文化.,completed,2023-09-06,2023-12-02,91,42,"[""Vue.js"", ""SQLite"", ""Docker"", ""Node.js"", ""Django"", ""PHP""]",3.4,14,mixed,high,low
439,有关论坛项目,硬件采购,制作这是拥有这种.状态名称发现是一免费密码.经验出现也是类别提高不是.,completed,2022-11-21,2023-06-08,0,0,[],1.5,8,senior,high,low
440,电话各种项目,系统集成,增加喜欢其他很多已经最新商品这些.都是个人继续联系.,cancelled,2023-08-02,2024-03-02,69,50,"[""AWS"", ""Java"", ""Django"", ""PHP"", ""SQLite""]",4.7,10,senior,low,high
441,社会有关项目,咨询服务,对于推荐企业不同.组织上海关系信息需要继续.能够制作环境影响很多当然.市场人民进行问题不会对于内容能够.,completed,2022-10-23,2023-05-20,0,0,[],1.8,3,mixed,medium,medium
442,公司大学项目,软件开发,报告位置经验程序来源这里.世界喜欢之间是一的人留言.,planning,2023-09-28,2024-08-27,374,0,"[""Ruby"", ""Node.js"", ""C#"", ""MongoDB""]",2.9,10,senior,low,high
443,中心全部项目,咨询服务,电影很多一定怎么感觉.安全决定所以过程发展.,planning,2024-01-24,2024-05-27,0,0,[],4.4,17,mixed,medium,low
444,市场很多项目,系统集成,他的的人上海只有简介.出现会员等级目前国际企业.,planning,2024-01-06,2024-02-19,394,12,"[""React"", ""Java"", ""AWS"", ""Django"", ""Flask"", ""C#""]",4.6,10,mixed,medium,medium
445,客户虽然项目,硬件采购,怎么以后或者必须包括不能网站.操作需要企业安全应该你们行业.相关详细必须参加大小.评论状态投资如此那些.,planning,2024-05-09,2024-07-22,0,0,[],2.2,13,senior,high,low
446,很多有限项目,咨询服务,你的的话主题注意因此回复.如果的是作者各种经济成为没有.,in_progress,2022-07-26,2022-09-24,0,0,[],3.5,6,senior,medium,medium
447,研究一直项目,市场推广,还是分析应该.国际以及发生一起公司.这些直接这里音乐个人控制.,completed,2023-03-03,2023-12-13,0,0,[],1.6,17,mixed,high,high
448,来源觉得项目,软件开发,新闻都是全国包括直接希望只有.参加设计应该得到方面.,in_progress,2023-11-27,2024-07-13,459,0,"[""Kubernetes"", ""React"", ""Java""]",1.6,2,mixed,high,low
449,现在这是项目,市场推广,显示系列责任.广告起来可以制作日期.,cancelled,2023-04-02,2024-02-04,0,0,[],2.1,18,mixed,low,medium
450,系列联系项目,软件开发,有些一些因为内容.开始这里不断然后地区合作.,in_progress,2023-06-27,2023-10-08,10,0,"[""MongoDB"", ""Python"", ""Spring"", ""Google Cloud""]",4.3,3,senior,low,medium
451,出来你们项目,市场推广,公司决定日本那么开发这么.规定希望需要有限那么包括.,completed,2022-11-12,2023-02-24,0,0,[],3.9,9,senior,high,low
452,时候用户项目,硬件采购,分析一种评论来自城市一起经验.国家新闻内容过程文章.,cancelled,2022-12-04,2023-03-27,0,0,[],4.6,12,senior,high,low
453,手机社区项目,硬件采购,方面图片行业.生产生产今天出来社会.处理大小不过公司主题城市程序论坛.,cancelled,2023-12-06,2024-09-10,0,0,[],2.9,6,senior,medium,medium
454,网络企业项目,软件开发,没有会员国家国家.建设那个控制因此资料生活.一点我的当前解决类型表示.,planning,2023-07-08,2023-11-01,92,0,"[""AWS"", ""MongoDB""]",3.1,14,senior,high,low
455,如何而且项目,市场推广,进行商品密码首页推荐两个威望.那些行业空间由于等级.,cancelled,2023-06-25,2024-03-31,0,0,[],2.4,14,mixed,high,medium
456,项目空间项目,系统集成,参加只是历史.工具大小提供时候成功.作品对于不过在线经济地方来自.,completed,2022-09-01,2023-06-27,69,22,"[""Docker"", ""PHP""]",2.7,16,mixed,medium,high
457,登录合作项目,系统集成,位置出现这样业务注册.感觉那个学生投资生产新闻发布次数.,in_progress,2023-05-24,2023-08-26,276,18,"[""JavaScript"", ""Go"", ""Vue.js"", ""Node.js""]",1.6,7,junior,medium,low
458,不过有限项目,咨询服务,一样数据专业生产论坛这些.为什设备电脑生产国际.类别业务会员谢谢地方阅读已经自己.,in_progress,2023-10-29,2024-04-04,0,0,[],3.6,15,mixed,high,low
459,实现类型项目,咨询服务,不要只是参加这些城市.,in_progress,2022-12-25,2023-03-22,0,0,[],3.3,4,junior,medium,low
460,城市只要项目,硬件采购,没有今年得到回复进入不断专业没有.非常非常城市而且为什.原因阅读世界.,in_progress,2022-08-12,2023-01-10,0,0,[],3.7,8,senior,medium,high
461,现在网上项目,软件开发,研究不能不断因此自己时间历史.东西详细觉得说明.,in_progress,2023-10-18,2024-02-26,167,0,"[""MySQL"", ""PHP"", ""Java"", ""Flask"", ""Spring""]",1.7,9,junior,high,medium
462,生产感觉项目,软件开发,免费增加女人一点我们最后这些.一定一次如何起来.,cancelled,2022-08-16,2022-12-17,460,0,"[""Vue.js"", ""React"", ""PostgreSQL"", ""Redis""]",2.1,8,junior,low,high
463,已经深圳项目,系统集成,会员必须能够研究一样图片.的是联系表示东西价格发生.商品可以也是发布都是简介.,in_progress,2024-02-15,2024-07-19,234,12,"[""MongoDB"", ""AWS"", ""React"", ""Vue.js"", ""Docker"", ""Spring""]",1.8,5,mixed,high,medium
464,经营电脑项目,软件开发,更新知道一种社会她的.企业方面以后看到中心我的拥有.,completed,2022-07-15,2022-11-08,145,0,"[""PostgreSQL"", ""JavaScript"", ""Django"", ""Kubernetes"", ""Python"", ""Docker""]",4.1,20,junior,low,medium
465,经济投资项目,软件开发,拥有感觉以及全部电影类别系列.其他其实同时网络女人以及不过.知道工具发布一直责任留言.,planning,2023-03-13,2023-12-16,272,0,"[""Redis"", ""Angular"", ""SQLite"", ""Kubernetes"", ""MongoDB""]",1.3,11,mixed,medium,medium
466,日期下载项目,咨询服务,全部不断次数这里网络为了环境单位.虽然密码之后发布标题一下发生.,in_progress,2022-09-16,2023-01-04,0,0,[],1.8,10,mixed,low,low
467,国际软件项目,系统集成,工程运行手机一次登录登录网站.作品设备的人服务也是.提供学生销售有限电话必须.,completed,2024-05-06,2024-12-08,490,28,"[""Ruby"", ""Node.js"", ""React"", ""MySQL"", ""PHP""]",1.4,11,senior,low,high
468,什么资源项目,咨询服务,目前环境出来精华广告.企业两个国家认为不是完全是一.,completed,2023-01-12,2023-07-05,0,0,[],4.7,7,senior,medium,low
469,知道推荐项目,系统集成,一般一样次数密码作者怎么.程序目前标准帖子.完成市场也是因为当前手机业务.,completed,2023-10-23,2024-01-13,80,20,"[""Python"", ""Vue.js"", ""PHP"", ""C#""]",1.9,4,mixed,high,high
470,数据计划项目,市场推广,因此你的运行之间因此部门所以.完全发表经济进行我的支持喜欢研究.不要发表东西网上计划最大.,planning,2024-02-04,2025-01-14,0,0,[],1.2,5,senior,medium,low
471,你们现在项目,硬件采购,看到人员类型商品登录.,completed,2023-02-17,2023-06-01,0,0,[],2.1,16,mixed,high,low
472,企业自己项目,软件开发,只有她的进行方法技术一种发布.会员情况电脑原因显示语言地址.学生国际上海发表.,completed,2022-10-26,2023-07-21,387,0,"[""Azure"", ""Go""]",4.0,8,senior,medium,low
473,社区这些项目,软件开发,客户以后行业什么.方面留言然后系列.,completed,2023-10-04,2023-11-24,154,0,"[""JavaScript"", ""Flask"", ""Python"", ""Go"", ""Google Cloud"", ""Django""]",3.7,7,junior,high,low
474,注册合作项目,系统集成,工具广告一个特别.,planning,2024-06-25,2025-03-02,356,27,"[""Django"", ""Python"", ""Redis"", ""MongoDB""]",4.1,9,mixed,medium,low
475,都是项目项目,软件开发,美国他们孩子工具规定以后市场.开发根据具有东西上海游戏非常图片.点击继续不能的是特别.,in_progress,2024-05-29,2024-09-05,249,0,"[""Google Cloud"", ""Angular"", ""Python""]",4.5,4,junior,low,high
476,已经只是项目,硬件采购,会员朋友这个评论那些标准.服务服务状态非常.资源社会学校已经地区.,cancelled,2023-04-25,2023-10-27,0,0,[],3.5,9,junior,high,medium
477,工程学校项目,软件开发,文章这个他们密码操作.准备免费大学管理次数内容国家.规定觉得以下介绍.,completed,2022-09-01,2022-10-15,70,0,"[""JavaScript"", ""AWS"", ""C#"", ""Node.js""]",2.4,7,junior,low,high
478,一点影响项目,咨询服务,看到质量之间大家.信息全国注册提供最后孩子学生可以.喜欢喜欢朋友帮助准备不过喜欢.来源内容其他.,in_progress,2023-10-24,2024-05-06,0,0,[],4.7,18,senior,medium,high
479,质量他的项目,软件开发,信息阅读说明国内.你的各种准备男人过程资料.,in_progress,2023-06-03,2023-10-27,232,0,"[""C#"", ""React"", ""AWS"", ""Spring"", ""PostgreSQL"", ""Node.js""]",4.1,9,junior,medium,low
480,这些全部项目,咨询服务,安全当前没有次数成为也是.深圳记者注册不同企业.,cancelled,2022-12-27,2023-05-13,0,0,[],1.0,2,junior,medium,high
481,具有大小项目,软件开发,点击还是是否方面我的国内社会.登录任何报告国家决定作品.您的评论介绍结果说明.,completed,2023-11-27,2024-03-19,47,0,"[""Java"", ""React""]",2.4,6,senior,low,high
482,今天解决项目,软件开发,更新制作对于社会全部那么.功能位置显示更多很多主题.不同谢谢朋友政府.,in_progress,2022-11-15,2023-09-26,105,0,"[""Ruby"", ""Flask""]",3.1,14,junior,low,medium
483,地区完全项目,软件开发,一切登录系统国际价格发现欢迎那些.时间中文次数一些.的话国内一次网络出现.,in_progress,2022-12-16,2023-12-14,408,0,"[""Azure"", ""Docker"", ""SQLite""]",5.0,2,mixed,low,medium
484,来自到了项目,系统集成,他们学习标题如何原因中文.同时语言标题信息公司这些.,planning,2023-01-31,2023-07-06,436,45,"[""Node.js"", ""Django"", ""Angular"", ""Flask"", ""Spring"", ""PostgreSQL""]",2.4,5,senior,medium,medium
485,其他社区项目,软件开发,首页今年问题投资等级人民所以.起来人民非常一下所以.图片准备他的类别一种介绍.还是这样那些环境今年无法类别.,completed,2024-04-12,2024-08-14,309,0,"[""C#"", ""MongoDB"", ""Java"", ""Kubernetes""]",1.3,6,mixed,medium,high
486,实现全国项目,系统集成,不过方法发生如果软件.状态北京部门对于只要工程处理.,planning,2022-08-14,2023-08-13,424,47,"[""MySQL"", ""PHP"", ""Spring"", ""MongoDB"", ""Go""]",3.9,3,senior,low,medium
487,软件网站项目,咨询服务,国家加入学校提高完全.日本社会知道今年关系图片.,cancelled,2022-08-24,2023-06-18,0,0,[],1.8,4,senior,medium,low
488,开始注册项目,软件开发,那么价格必须所有发生起来业务.个人文章要求一样也是帖子.方法名称以及联系活动.时间加入学习更新可能感觉经济.,cancelled,2023-10-17,2024-09-07,485,0,"[""JavaScript"", ""Vue.js""]",4.8,2,mixed,medium,low
489,最后的话项目,硬件采购,关系这么我们语言系统用户.音乐一切不会日本.,planning,2022-10-09,2023-07-24,0,0,[],1.0,2,mixed,high,low
490,研究程序项目,硬件采购,时候学生问题会员汽车下载计划企业.进入已经以后问题.或者价格中文.国内这样解决帮助.,completed,2024-04-06,2025-02-01,0,0,[],2.1,16,junior,low,low
491,问题功能项目,系统集成,历史今天安全图片谢谢怎么.简介处理推荐朋友为什要求开始.,planning,2023-06-20,2023-10-23,322,3,"[""Ruby"", ""MongoDB"", ""PostgreSQL"", ""Redis"", ""C#""]",2.4,16,mixed,low,low
492,继续相关项目,市场推广,出现程序希望免费.可能如果大家合作.所有更新我的文件但是有些孩子.,completed,2023-12-15,2024-12-08,0,0,[],1.8,5,mixed,medium,low
493,行业我们项目,系统集成,注册如果两个技术价格.产品谢谢设计详细最后.,planning,2024-04-24,2024-06-02,22,22,"[""Docker"", ""Ruby"", ""Google Cloud"", ""Kubernetes""]",4.9,4,junior,low,medium
494,不会介绍项目,咨询服务,软件然后这个新闻网络.,in_progress,2022-07-25,2023-02-12,0,0,[],4.7,9,senior,low,medium
495,希望为了项目,系统集成,开发文章原因人员作者电子这里.密码推荐国内生活地方学习关于.增加在线认为设计都是认为还是.,cancelled,2022-10-09,2023-08-29,182,17,"[""React"", ""Django"", ""PHP""]",4.9,4,junior,medium,medium
496,两个名称项目,软件开发,一样问题希望.完成她的用户一些客户支持注意.类别已经上海联系如果.这些发表密码所以有关.,in_progress,2023-05-28,2023-09-12,290,0,"[""JavaScript"", ""Node.js"", ""Redis"", ""Java"", ""Azure"", ""Vue.js""]",1.2,8,junior,medium,low
497,今年阅读项目,系统集成,影响精华点击只是.影响文化那么因为以及对于方法.,completed,2022-10-15,2022-11-26,485,24,"[""Spring"", ""Flask"", ""SQLite""]",2.7,5,mixed,low,medium
498,规定出来项目,硬件采购,文章如此行业人民技术经营.数据使用部门目前.重要说明公司包括或者作为.,planning,2024-01-13,2024-12-11,0,0,[],3.0,16,mixed,medium,low
499,设计选择项目,系统集成,继续产品不要个人.那些主题一个问题我的分析.技术最大解决一直浏览内容一下.,planning,2022-11-27,2023-10-25,65,45,"[""MongoDB"", ""Google Cloud"", ""Spring"", ""PostgreSQL"", ""AWS"", ""Azure""]",4.8,4,senior,medium,low
500,这些那些项目,硬件采购,各种不是发展其他还是商品.其实单位一切经营.,cancelled,2023-03-14,2023-09-24,0,0,[],4.7,14,mixed,medium,high
